"n","scenario","B","S","coverage","length","coverage_se","length_se","num_failed"
100,"Heter",1,1,0.9188,20.7159162633135,0.00418378585303595,0.260452130876573,0
100,"Heter",3,1,0.9136,19.1897319958623,0.00421340631707801,0.185445748410655,0
100,"Heter",5,1,0.911,18.9621886545147,0.00424935960552374,0.167679024071104,0
100,"Heter",9,1,0.9106,18.656094853924,0.0042972207420734,0.159334340297471,0
100,"Heter",11,1,0.9114,18.5320959652668,0.00426711240164214,0.154823940697594,0
100,"Heter",13,1,0.9106,18.4758286844097,0.00425037712511555,0.151956799720549,0
100,"Heter",15,1,0.9112,18.4491839512164,0.00421097284392721,0.151192490529398,0
100,"Heter",17,1,0.9094,18.3849572822329,0.00425320229118362,0.150081778009084,0
100,"Heter",19,1,0.9096,18.3892962863795,0.00426215978184843,0.149709646986737,0
100,"Heter",21,1,0.9096,18.3652135307341,0.00427154375912109,0.148876031789097,0
300,"Heter",1,1,0.9036,16.7870305623311,0.00446396314578949,0.191871323843215,0
300,"Heter",3,1,0.8994,16.0327093675765,0.00446537563700744,0.133872552328167,0
300,"Heter",5,1,0.8978,15.8713241015015,0.00450060167260062,0.123916547491941,0
300,"Heter",9,1,0.8982,15.7937066148104,0.00445607637015085,0.122573673913872,0
300,"Heter",11,1,0.8978,15.7513039526921,0.00452721279107309,0.119475949892352,0
300,"Heter",13,1,0.8974,15.7374798980772,0.00450038814920376,0.119593872277469,0
300,"Heter",15,1,0.8978,15.7487059567852,0.00447383226945035,0.121838701356314,0
300,"Heter",17,1,0.8978,15.7433716338881,0.00446487346910248,0.122197132219839,0
300,"Heter",19,1,0.8984,15.7404311983538,0.00447408733234583,0.122496949792457,0
300,"Heter",21,1,0.8978,15.7398255568008,0.00450948949388904,0.12234799760312,0
500,"Heter",1,1,0.9012,14.7968701208734,0.00438380859273961,0.108235923080268,0
500,"Heter",3,1,0.8986,14.2053525351597,0.0043654435166541,0.0594197407645118,0
500,"Heter",5,1,0.899,14.1398470071286,0.00435637211197321,0.0527798847515838,0
500,"Heter",9,1,0.8986,14.103755843968,0.00438374922381031,0.0487556002177558,0
500,"Heter",11,1,0.8984,14.0803999626292,0.0043745372985696,0.0471248121105195,0
500,"Heter",13,1,0.8972,14.0751975045248,0.00440131020623764,0.0466761961123886,0
500,"Heter",15,1,0.8986,14.0508534872187,0.0043654435166541,0.0460674445517119,0
500,"Heter",17,1,0.897,14.0395753106773,0.00439207129840697,0.044349094158978,0
500,"Heter",19,1,0.8978,14.0354632592358,0.00434672912131111,0.044512041836687,0
500,"Heter",21,1,0.8978,14.030241741268,0.00437427643094196,0.0441309790918424,0
