"figure","n","scenario","n_local_groups","x2","Mean_Cover","SD_Cover","Mean_Leng","SD_Leng"
"figureS3",500,"Homo",1,-3,0.76,0.0135055544129073,7.7226928324379,0.0588426193915888
"figureS3",500,"Homo",1,-2.79310344827586,0.699,0.0145051370210695,6.97677176730821,0.0494648677755118
"figureS3",500,"Homo",1,-2.58620689655172,0.719,0.014214042352547,6.52208011019997,0.0331676049795909
"figureS3",500,"Homo",1,-2.37931034482759,0.777,0.0131632442809514,6.34902833506161,0.0289761092759688
"figureS3",500,"Homo",1,-2.17241379310345,0.787,0.0129472390879291,6.26177463394188,0.0262815195928684
"figureS3",500,"Homo",1,-1.96551724137931,0.837,0.0116803681448831,6.24490083335655,0.0243018211967338
"figureS3",500,"Homo",1,-1.75862068965517,0.853,0.0111978122863352,6.25716122112656,0.0225786755030263
"figureS3",500,"Homo",1,-1.55172413793103,0.874,0.010493998284734,6.27406165166328,0.0201594420295959
"figureS3",500,"Homo",1,-1.3448275862069,0.905,0.00927227048785787,6.29965543705869,0.0183449692009477
"figureS3",500,"Homo",1,-1.13793103448276,0.943,0.00733150734842434,6.33548056958246,0.0170855199065468
"figureS3",500,"Homo",1,-0.93103448275862,0.956,0.00648567652600714,6.37956214601352,0.0159930323895286
"figureS3",500,"Homo",1,-0.724137931034483,0.982,0.00420428352992517,6.42407953560439,0.0154622108253929
"figureS3",500,"Homo",1,-0.517241379310345,0.99,0.00314642654451046,6.4739666378321,0.0148895682820306
"figureS3",500,"Homo",1,-0.310344827586207,0.995,0.00223047080231955,6.52561615672828,0.0148641714332343
"figureS3",500,"Homo",1,-0.103448275862069,0.994,0.00244213021765835,6.58940510664568,0.0150015339188842
"figureS3",500,"Homo",1,0.103448275862069,0.996,0.00199599599197994,6.6516047285154,0.0152789972208169
"figureS3",500,"Homo",1,0.310344827586207,0.994,0.00244213021765835,6.7121072227627,0.01573334591453
"figureS3",500,"Homo",1,0.517241379310345,0.988,0.00344325427466518,6.78233258365813,0.0166306979362647
"figureS3",500,"Homo",1,0.724137931034483,0.986,0.00371537346709587,6.85234730141166,0.017463901445318
"figureS3",500,"Homo",1,0.93103448275862,0.977,0.00474035863622153,6.92146516569,0.0183959740517301
"figureS3",500,"Homo",1,1.13793103448276,0.967,0.00564898220921256,6.99645615829744,0.0196051148369853
"figureS3",500,"Homo",1,1.3448275862069,0.951,0.00682634602111555,7.06080636001208,0.0210919563301692
"figureS3",500,"Homo",1,1.55172413793103,0.923,0.00843036179532053,7.13603642210423,0.0225935235483538
"figureS3",500,"Homo",1,1.75862068965517,0.913,0.00891240708226459,7.20890131472946,0.0239376935457188
"figureS3",500,"Homo",1,1.96551724137931,0.882,0.0102017645532525,7.28105708233607,0.0256243600883087
"figureS3",500,"Homo",1,2.17241379310345,0.851,0.0112605062053178,7.35074711131132,0.0273285542401632
"figureS3",500,"Homo",1,2.37931034482759,0.83,0.0118785521003193,7.42186053378393,0.0294148635788874
"figureS3",500,"Homo",1,2.58620689655172,0.81,0.0124056438768812,7.49067071813852,0.0318011022357111
"figureS3",500,"Homo",1,2.79310344827586,0.773,0.0132465467198059,7.5624067208585,0.0344657715332946
"figureS3",500,"Homo",1,3,0.764,0.0134277324965908,7.63094614579123,0.0374512000814331
"figureS3",500,"Homo",20,-3,1,0,33.496694823694,0.0932719787192138
"figureS3",500,"Homo",20,-2.79310344827586,1,0,33.496694823694,0.0932719787192138
"figureS3",500,"Homo",20,-2.58620689655172,0.999,0.000999499874937461,33.496694823694,0.0932719787192138
"figureS3",500,"Homo",20,-2.37931034482759,1,0,33.496694823694,0.0932719787192138
"figureS3",500,"Homo",20,-2.17241379310345,0.999,0.000999499874937461,33.4738981994198,0.0962215592117556
"figureS3",500,"Homo",20,-1.96551724137931,0.996,0.00199599599197994,32.3405778458649,0.183855418212586
"figureS3",500,"Homo",20,-1.75862068965517,0.988,0.00344325427466518,27.8891587293396,0.332551944184142
"figureS3",500,"Homo",20,-1.55172413793103,0.969,0.00548078461536303,18.7087162335754,0.393714242735752
"figureS3",500,"Homo",20,-1.3448275862069,0.957,0.00641490451994416,11.1082338524784,0.272885293704273
"figureS3",500,"Homo",20,-1.13793103448276,0.955,0.00655553201502365,8.19388932760599,0.169759582066168
"figureS3",500,"Homo",20,-0.93103448275862,0.958,0.00634318531969546,6.84576557030877,0.0839117899586515
"figureS3",500,"Homo",20,-0.724137931034483,0.968,0.00556560868189635,6.3717048368883,0.0505292287196372
"figureS3",500,"Homo",20,-0.517241379310345,0.971,0.00530650544143696,6.15236076894334,0.0364145335504607
"figureS3",500,"Homo",20,-0.310344827586207,0.983,0.00408790900094413,6.0201431017175,0.0338137077569285
"figureS3",500,"Homo",20,-0.103448275862069,0.981,0.00431729081716764,5.95674712450024,0.0314704413218064
"figureS3",500,"Homo",20,0.103448275862069,0.984,0.00396787096564392,5.96683454688937,0.0294622688465256
"figureS3",500,"Homo",20,0.310344827586207,0.985,0.00384382621875652,6.04898796834946,0.0312086797794234
"figureS3",500,"Homo",20,0.517241379310345,0.977,0.00474035863622153,6.11237591110782,0.030555015254169
"figureS3",500,"Homo",20,0.724137931034483,0.967,0.00564898220921256,6.22227562178515,0.0302538049879712
"figureS3",500,"Homo",20,0.93103448275862,0.951,0.00682634602111555,6.37158486314158,0.0321278127480482
"figureS3",500,"Homo",20,1.13793103448276,0.954,0.00662449998113065,6.55791658716604,0.033816302310258
"figureS3",500,"Homo",20,1.3448275862069,0.929,0.00812151463706124,6.77619501518808,0.0361335951656455
"figureS3",500,"Homo",20,1.55172413793103,0.91,0.00904986187739901,7.08958832586587,0.0553664551484837
"figureS3",500,"Homo",20,1.75862068965517,0.905,0.00927227048785787,7.38996743602526,0.0573958955576558
"figureS3",500,"Homo",20,1.96551724137931,0.887,0.0100115433375679,7.71047746051127,0.0748914937464847
"figureS3",500,"Homo",20,2.17241379310345,0.856,0.0111024321659716,8.18851810911541,0.101933201289928
"figureS3",500,"Homo",20,2.37931034482759,0.857,0.0110702755159933,8.63889466079681,0.119861142635801
"figureS3",500,"Homo",20,2.58620689655172,0.848,0.0113532374237483,9.3987309558432,0.163780085303833
"figureS3",500,"Homo",20,2.79310344827586,0.831,0.0118506961820815,10.1021423175093,0.191988583258288
"figureS3",500,"Homo",20,3,0.839,0.0116223491601311,10.8575696094429,0.217002674523913
