"figure","n","scenario","n_local_groups","cell_id","x2_mid","x3_mid","Mean_Cover","SD_Cover","Mean_Leng","SD_Leng"
"figureS6",500,"Homo",1,1,-2.5,-2.5,0.639591836734694,0.00498435912856941,8.25927102022779,0.154768039059862
"figureS6",500,"Homo",1,2,-1.5,-2.5,0.763224489795921,0.00424287720832484,9.02883308039907,0.148448285464949
"figureS6",500,"Homo",1,3,-0.5,-2.5,0.791122448979597,0.00350481719237468,8.2308880508635,0.100560256102908
"figureS6",500,"Homo",1,4,0.5,-2.5,0.733326530612246,0.00347283552985711,6.80402055479753,0.0541273367686384
"figureS6",500,"Homo",1,5,1.5,-2.5,0.693489795918366,0.00357855768846756,6.89062704668687,0.0492496452810627
"figureS6",500,"Homo",1,6,2.5,-2.5,0.631836734693877,0.00382758219975307,7.23064890027347,0.0549038422145729
"figureS6",500,"Homo",1,7,-2.5,-1.5,0.767040816326533,0.00426146577320338,9.06888078868706,0.149811827125681
"figureS6",500,"Homo",1,8,-1.5,-1.5,0.854510204081642,0.00281998080377027,8.23536892445387,0.101257111810721
"figureS6",500,"Homo",1,9,-0.5,-1.5,0.872979591836746,0.00220781312320025,6.65433481827444,0.0443924742147394
"figureS6",500,"Homo",1,10,0.5,-1.5,0.882632653061237,0.00208157286852949,6.7043665550358,0.0372636595355489
"figureS6",500,"Homo",1,11,1.5,-1.5,0.82877551020409,0.00267019732925941,7.10161051144787,0.0429587766683076
"figureS6",500,"Homo",1,12,2.5,-1.5,0.732571428571429,0.00344842017777786,7.54787070559266,0.0515013681226666
"figureS6",500,"Homo",1,13,-2.5,-0.5,0.790795918367351,0.00353420773563364,8.30383015370797,0.107250226265421
"figureS6",500,"Homo",1,14,-1.5,-0.5,0.874857142857154,0.00223435022635484,6.62396728530484,0.0446632487844624
"figureS6",500,"Homo",1,15,-0.5,-0.5,0.967693877551027,0.000989630211768178,6.5808530731717,0.0328340516992706
"figureS6",500,"Homo",1,16,0.5,-0.5,0.975387755102045,0.000857465762629243,6.89638021418935,0.0338385325498594
"figureS6",500,"Homo",1,17,1.5,-0.5,0.9126530612245,0.00184869189609833,7.33497795755772,0.0404564743629866
"figureS6",500,"Homo",1,18,2.5,-0.5,0.800795918367353,0.00293825162617931,7.82850528889844,0.0511830524966865
"figureS6",500,"Homo",1,19,-2.5,0.5,0.72938775510204,0.00344619588875494,6.74934929382794,0.0528221281545963
"figureS6",500,"Homo",1,20,-1.5,0.5,0.878040816326542,0.00213637331821045,6.63712909733762,0.0386907556177521
"figureS6",500,"Homo",1,21,-0.5,0.5,0.975857142857147,0.00078803051175979,6.87332066735381,0.035063307539186
"figureS6",500,"Homo",1,22,0.5,0.5,0.98071428571429,0.000729360531980656,7.22261848851509,0.0369467375998878
"figureS6",500,"Homo",1,23,1.5,0.5,0.924122448979602,0.00168874601655278,7.66775880059672,0.0440802800959951
"figureS6",500,"Homo",1,24,2.5,0.5,0.81693877551021,0.00305356098492664,8.17059640197117,0.0553051206617485
"figureS6",500,"Homo",1,25,-2.5,1.5,0.685326530612243,0.00373770270133153,6.79968913015977,0.0503934207217784
"figureS6",500,"Homo",1,26,-1.5,1.5,0.817714285714293,0.0027357099350151,7.00074265554598,0.0442291162143599
"figureS6",500,"Homo",1,27,-0.5,1.5,0.90991836734695,0.00185263467679581,7.28085329046906,0.0424731878573862
"figureS6",500,"Homo",1,28,0.5,1.5,0.923081632653072,0.00168962996985268,7.6375477399206,0.0449455585932512
"figureS6",500,"Homo",1,29,1.5,1.5,0.8716530612245,0.00243205723773388,8.07014299910646,0.0516574968231721
"figureS6",500,"Homo",1,30,2.5,1.5,0.784775510204087,0.00334922873482952,8.51324744554848,0.061032928054665
"figureS6",500,"Homo",1,31,-2.5,2.5,0.632306122448978,0.00396036009081037,7.15272902009109,0.0572014223433987
"figureS6",500,"Homo",1,32,-1.5,2.5,0.731530612244898,0.00356702495421024,7.43470035801803,0.0531412752375496
"figureS6",500,"Homo",1,33,-0.5,2.5,0.801387755102045,0.00301599346536047,7.7394175652935,0.0521762017078628
"figureS6",500,"Homo",1,34,0.5,2.5,0.814734693877557,0.00303897287568452,8.10119813533118,0.055409972498033
"figureS6",500,"Homo",1,35,1.5,2.5,0.784571428571432,0.00331701916040408,8.47415527235092,0.0604819678017577
"figureS6",500,"Homo",1,36,2.5,2.5,0.715489795918368,0.0036289328656642,8.61557335970577,0.0635548428770486
"figureS6",500,"Homo",20,1,-2.5,-2.5,0.925346938775519,0.00209156688548553,33.3166567998956,0.0943022630407271
"figureS6",500,"Homo",20,2,-1.5,-2.5,0.984632653061227,0.000769420887180414,33.3166567998956,0.0943022630407271
"figureS6",500,"Homo",20,3,-0.5,-2.5,0.998102040816327,0.000216426106716008,33.2979572753519,0.0940887126625159
"figureS6",500,"Homo",20,4,0.5,-2.5,0.973795918367351,0.00118168317834539,29.7214786978626,0.139578900127039
"figureS6",500,"Homo",20,5,1.5,-2.5,0.867306122448987,0.0035577221762025,19.7962927941949,0.246181038673617
"figureS6",500,"Homo",20,6,2.5,-2.5,0.793959183673473,0.0047776721771764,16.8113207716495,0.272677768621593
"figureS6",500,"Homo",20,7,-2.5,-1.5,0.985612244897962,0.000721313596537498,33.3166567998956,0.0943022630407271
"figureS6",500,"Homo",20,8,-1.5,-1.5,0.999081632653061,0.000136932570831817,33.2904691495097,0.0942548925140115
"figureS6",500,"Homo",20,9,-0.5,-1.5,0.986734693877554,0.000730367300400765,28.1782556638018,0.141270733005231
"figureS6",500,"Homo",20,10,0.5,-1.5,0.92308163265307,0.00207280591134023,13.7252910714704,0.177792674568492
"figureS6",500,"Homo",20,11,1.5,-1.5,0.862265306122458,0.00292104098204353,10.7191418805949,0.175093525085682
"figureS6",500,"Homo",20,12,2.5,-1.5,0.80832653061225,0.0037214322136481,12.7493181770189,0.217456675303313
"figureS6",500,"Homo",20,13,-2.5,-0.5,0.997775510204082,0.000233805105289811,33.2838962443819,0.0945649788002527
"figureS6",500,"Homo",20,14,-1.5,-0.5,0.986000000000003,0.000810433057907829,28.1645078737669,0.146052887305337
"figureS6",500,"Homo",20,15,-0.5,-0.5,0.969530612244903,0.00113683802228029,11.1226645410846,0.140707923558637
"figureS6",500,"Homo",20,16,0.5,-0.5,0.959734693877558,0.00132519359425727,7.47556369457681,0.083381938842775
"figureS6",500,"Homo",20,17,1.5,-0.5,0.909632653061235,0.0021576741370737,8.62408489804683,0.112113219607702
"figureS6",500,"Homo",20,18,2.5,-0.5,0.843183673469396,0.00329692865303572,11.3571153224483,0.193753753664446
"figureS6",500,"Homo",20,19,-2.5,0.5,0.97202040816327,0.00135921964694608,29.5818611167825,0.149110347838527
"figureS6",500,"Homo",20,20,-1.5,0.5,0.920265306122458,0.0021245268663264,13.4879227043839,0.178344288025698
"figureS6",500,"Homo",20,21,-0.5,0.5,0.960489795918374,0.0012894173908346,7.49050592788638,0.0855230046496894
"figureS6",500,"Homo",20,22,0.5,0.5,0.963979591836741,0.00118844326900827,7.2923286035021,0.0680087089640526
"figureS6",500,"Homo",20,23,1.5,0.5,0.92069387755103,0.00209852862691733,8.82055256384754,0.107407282443572
"figureS6",500,"Homo",20,24,2.5,0.5,0.86046938775511,0.00334515247866177,11.8888147348722,0.196162552372455
"figureS6",500,"Homo",20,25,-2.5,1.5,0.864530612244905,0.00349738548889658,19.2587214300274,0.252093962039903
"figureS6",500,"Homo",20,26,-1.5,1.5,0.85581632653062,0.00294837199069611,10.5118222414003,0.164544719579568
"figureS6",500,"Homo",20,27,-0.5,1.5,0.905346938775521,0.00219181112842665,8.45743322122265,0.104054656597329
"figureS6",500,"Homo",20,28,0.5,1.5,0.917081632653071,0.00216174872245753,8.78988269460762,0.106423848753752
"figureS6",500,"Homo",20,29,1.5,1.5,0.895510204081641,0.00270831099447981,10.6676740685166,0.154129455730431
"figureS6",500,"Homo",20,30,2.5,1.5,0.851346938775517,0.00367640448478878,13.6894055016592,0.231296827198327
"figureS6",500,"Homo",20,31,-2.5,2.5,0.797816326530615,0.00454483632853867,16.6880816327206,0.275823986658605
"figureS6",500,"Homo",20,32,-1.5,2.5,0.811428571428576,0.00382027741804019,12.7307999864327,0.221801483260929
"figureS6",500,"Homo",20,33,-0.5,2.5,0.843755102040823,0.00336684479130883,11.3468274125107,0.186563912484894
"figureS6",500,"Homo",20,34,0.5,2.5,0.861632653061231,0.0032734164156312,11.9380952207486,0.199713751577588
"figureS6",500,"Homo",20,35,1.5,2.5,0.853061224489803,0.0036522075177369,13.810246843061,0.241616249506967
"figureS6",500,"Homo",20,36,2.5,2.5,0.801918367346945,0.00405733015464528,15.5043257243458,0.272371731558355
