"id","time","true","lower","upper","method","prediction_type","delta"
1,6,11,-51.2763819095477,57.9346733668342,"HCP","pointwise",1
1,12,-12,-40.6733668341708,71.7185929648241,"HCP","pointwise",1
1,20,-17,-40.6733668341708,81.2613065326633,"HCP","pointwise",1
1,24,-3,-44.9145728643216,75.9597989949749,"HCP","pointwise",1
1,6,11,-33.251256281407,83.3819095477387,"DWR","pointwise",1
1,12,-12,-59.7587939698492,70.6582914572864,"DWR","pointwise",1
1,20,-17,-51.2763819095477,89.7437185929648,"DWR","pointwise",1
1,24,-3,-30.070351758794,115.190954773869,"DWR","pointwise",1
1,6,11,-64,66.4170854271357,"LC","pointwise",1
1,12,-12,-37.4924623115578,61.1155778894472,"LC","pointwise",1
1,20,-17,-64,110.949748743719,"LC","pointwise",1
1,24,-3,-25.8291457286432,147,"LC","pointwise",1
2,6,-15,-52.3366834170854,56.8743718592965,"HCP","pointwise",1
2,12,-3,-41.7336683417085,69.5979899497488,"HCP","pointwise",1
2,20,18,-39.6130653266332,82.321608040201,"HCP","pointwise",1
2,24,40,-47.035175879397,75.9597989949749,"HCP","pointwise",1
2,6,-15,-43.8542713567839,66.4170854271357,"DWR","pointwise",1
2,12,-3,-52.3366834170854,88.6834170854272,"DWR","pointwise",1
2,20,18,-62.9396984924623,72.7788944723618,"DWR","pointwise",1
2,24,40,-62.9396984924623,87.6231155778895,"DWR","pointwise",1
2,6,-15,-59.7587939698492,104.587939698492,"LC","pointwise",1
2,12,-3,-41.7336683417085,34.608040201005,"LC","pointwise",1
2,20,18,-58.6984924623116,66.4170854271357,"LC","pointwise",1
2,24,40,-26.8894472361809,144.879396984925,"LC","pointwise",1
3,6,8,-55.5175879396985,58.9949748743719,"HCP","pointwise",1
3,12,8,-41.7336683417085,60.0552763819096,"HCP","pointwise",1
3,20,36,-39.6130653266332,82.321608040201,"HCP","pointwise",1
3,24,-10,-47.035175879397,75.9597989949749,"HCP","pointwise",1
3,6,8,-52.3366834170854,53.6934673366834,"DWR","pointwise",1
3,12,8,-52.3366834170854,80.2010050251256,"DWR","pointwise",1
3,20,36,-41.7336683417085,83.3819095477387,"DWR","pointwise",1
3,24,-10,-26.8894472361809,65.356783919598,"DWR","pointwise",1
3,6,8,-64,75.9597989949749,"LC","pointwise",1
3,12,8,-42.7939698492462,44.1507537688442,"LC","pointwise",1
3,20,36,-44.9145728643216,67.4773869346734,"LC","pointwise",1
3,24,-10,-64,126.854271356784,"LC","pointwise",1
4,6,2,-50.21608040201,54.7537688442211,"HCP","pointwise",1
4,12,16,-44.9145728643216,70.6582914572864,"HCP","pointwise",1
4,20,21,-39.6130653266332,82.321608040201,"HCP","pointwise",1
4,24,28,-50.21608040201,80.2010050251256,"HCP","pointwise",1
4,6,2,-64,85.5025125628141,"DWR","pointwise",1
4,12,16,-42.7939698492462,77.0201005025126,"DWR","pointwise",1
4,20,21,-29.0100502512563,83.3819095477387,"DWR","pointwise",1
4,24,28,-35.3718592964824,73.8391959798995,"DWR","pointwise",1
4,6,2,-48.0954773869347,83.3819095477387,"LC","pointwise",1
4,12,16,-24.7688442211055,145.939698492462,"LC","pointwise",1
4,20,21,-39.6130653266332,95.0452261306533,"LC","pointwise",1
4,24,28,-58.6984924623116,120.492462311558,"LC","pointwise",1
5,6,-47,-44.9145728643216,52.6331658291457,"HCP","pointwise",1
5,12,-55,-41.7336683417085,70.6582914572864,"HCP","pointwise",1
5,20,-34,-24.7688442211055,81.2613065326633,"HCP","pointwise",1
5,24,-31,-31.1306532663317,80.2010050251256,"HCP","pointwise",1
5,6,-47,-56.5778894472362,73.8391959798995,"DWR","pointwise",1
5,12,-55,-48.0954773869347,71.7185929648241,"DWR","pointwise",1
5,20,-34,-60.8190954773869,78.0804020100502,"DWR","pointwise",1
5,24,-31,-24.7688442211055,88.6834170854272,"DWR","pointwise",1
5,6,-47,-30.070351758794,113.070351758794,"LC","pointwise",1
5,12,-55,-41.7336683417085,35.6683417085427,"LC","pointwise",1
5,20,-34,-6.74371859296483,79.140703517588,"LC","pointwise",1
5,24,-31,-64,147,"LC","pointwise",1
6,6,-11,-49.1557788944724,53.6934673366834,"HCP","pointwise",1
6,12,-1,-44.9145728643216,70.6582914572864,"HCP","pointwise",1
6,20,15,-27.9497487437186,81.2613065326633,"HCP","pointwise",1
6,24,-50,-33.251256281407,84.4422110552764,"HCP","pointwise",1
6,6,-11,-37.4924623115578,73.8391959798995,"DWR","pointwise",1
6,12,-1,-30.070351758794,79.140703517588,"DWR","pointwise",1
6,20,15,-36.4321608040201,69.5979899497488,"DWR","pointwise",1
6,24,-50,-56.5778894472362,105.64824120603,"DWR","pointwise",1
6,6,-11,-47.035175879397,40.9698492462312,"LC","pointwise",1
6,12,-1,-40.6733668341708,45.2110552763819,"LC","pointwise",1
6,20,15,-58.6984924623116,57.9346733668342,"LC","pointwise",1
6,24,-50,-64,107.768844221106,"LC","pointwise",1
7,6,18,-50.21608040201,50.5125628140703,"HCP","pointwise",1
7,12,-1,-43.8542713567839,69.5979899497488,"HCP","pointwise",1
7,20,25,-25.8291457286432,80.2010050251256,"HCP","pointwise",1
7,24,75,-35.3718592964824,74.8994974874372,"HCP","pointwise",1
7,6,18,-64,90.8040201005025,"DWR","pointwise",1
7,12,-1,-48.0954773869347,116.251256281407,"DWR","pointwise",1
7,20,25,-27.9497487437186,126.854271356784,"DWR","pointwise",1
7,24,75,-55.5175879396985,77.0201005025126,"DWR","pointwise",1
7,6,18,-35.3718592964824,50.5125628140703,"LC","pointwise",1
7,12,-1,-42.7939698492462,147,"LC","pointwise",1
7,20,25,-20.5276381909548,63.2361809045226,"LC","pointwise",1
7,24,75,-64,90.8040201005025,"LC","pointwise",1
8,6,11,-52.3366834170854,51.572864321608,"HCP","pointwise",1
8,12,6,-64,54.7537688442211,"HCP","pointwise",1
8,20,71,-25.8291457286432,74.8994974874372,"HCP","pointwise",1
8,24,-2,-39.6130653266332,73.8391959798995,"HCP","pointwise",1
8,6,11,-61.8793969849246,63.2361809045226,"DWR","pointwise",1
8,12,6,-61.8793969849246,80.2010050251256,"DWR","pointwise",1
8,20,71,-35.3718592964824,98.2261306532663,"DWR","pointwise",1
8,24,-2,-64,49.4522613065327,"DWR","pointwise",1
8,6,11,-64,147,"LC","pointwise",1
8,12,6,-44.9145728643216,75.9597989949749,"LC","pointwise",1
8,20,71,-30.070351758794,73.8391959798995,"LC","pointwise",1
8,24,-2,-43.8542713567839,74.8994974874372,"LC","pointwise",1
9,6,26,-53.3969849246231,52.6331658291457,"HCP","pointwise",1
9,12,20,-64,52.6331658291457,"HCP","pointwise",1
9,20,62,-31.1306532663317,80.2010050251256,"HCP","pointwise",1
9,24,10,-36.4321608040201,73.8391959798995,"HCP","pointwise",1
9,6,26,-53.3969849246231,54.7537688442211,"DWR","pointwise",1
9,12,20,-55.5175879396985,71.7185929648241,"DWR","pointwise",1
9,20,62,-33.251256281407,108.829145728643,"DWR","pointwise",1
9,24,10,-64,80.2010050251256,"DWR","pointwise",1
9,6,26,-53.3969849246231,121.552763819095,"LC","pointwise",1
9,12,20,-12.0452261306533,115.190954773869,"LC","pointwise",1
9,20,62,-37.4924623115578,83.3819095477387,"LC","pointwise",1
9,24,10,-64,107.768844221106,"LC","pointwise",1
10,6,21,-53.3969849246231,54.7537688442211,"HCP","pointwise",1
10,12,-22,-64,55.8140703517588,"HCP","pointwise",1
10,20,19,-32.1909547738694,83.3819095477387,"HCP","pointwise",1
10,24,20,-36.4321608040201,75.9597989949749,"HCP","pointwise",1
10,6,21,-49.1557788944724,69.5979899497488,"DWR","pointwise",1
10,12,-22,-37.4924623115578,118.371859296482,"DWR","pointwise",1
10,20,19,-55.5175879396985,72.7788944723618,"DWR","pointwise",1
10,24,20,-16.286432160804,98.2261306532663,"DWR","pointwise",1
10,6,21,-58.6984924623116,62.1758793969849,"LC","pointwise",1
10,12,-22,-64,26.1256281407035,"LC","pointwise",1
10,20,19,-50.21608040201,91.8643216080402,"LC","pointwise",1
10,24,20,-64,80.2010050251256,"LC","pointwise",1
11,6,94,-54.4572864321608,54.7537688442211,"HCP","pointwise",1
11,12,73,-64,53.6934673366834,"HCP","pointwise",1
11,20,54,-32.1909547738694,82.321608040201,"HCP","pointwise",1
11,24,61,-41.7336683417085,119.43216080402,"HCP","pointwise",1
11,6,94,-64,56.8743718592965,"DWR","pointwise",1
11,12,73,-19.4673366834171,89.7437185929648,"DWR","pointwise",1
11,20,54,-64,58.9949748743719,"DWR","pointwise",1
11,24,61,-64,74.8994974874372,"DWR","pointwise",1
11,6,94,-43.8542713567839,44.1507537688442,"LC","pointwise",1
11,12,73,-61.8793969849246,68.537688442211,"LC","pointwise",1
11,20,54,-61.8793969849246,93.9849246231156,"LC","pointwise",1
11,24,61,-64,95.0452261306533,"LC","pointwise",1
12,6,57,-54.4572864321608,54.7537688442211,"HCP","pointwise",1
12,12,92,-64,56.8743718592965,"HCP","pointwise",1
12,20,77,-29.0100502512563,85.5025125628141,"HCP","pointwise",1
12,24,42,-47.035175879397,119.43216080402,"HCP","pointwise",1
12,6,57,-58.6984924623116,74.8994974874372,"DWR","pointwise",1
12,12,92,-58.6984924623116,62.1758793969849,"DWR","pointwise",1
12,20,77,-37.4924623115578,84.4422110552764,"DWR","pointwise",1
12,24,42,-56.5778894472362,54.7537688442211,"DWR","pointwise",1
12,6,57,-52.3366834170854,77.0201005025126,"LC","pointwise",1
12,12,92,-64,87.6231155778895,"LC","pointwise",1
12,20,77,-34.3115577889447,85.5025125628141,"LC","pointwise",1
12,24,42,-64,109.889447236181,"LC","pointwise",1
13,6,-32,-52.3366834170854,54.7537688442211,"HCP","pointwise",1
13,12,-13,-64,60.0552763819096,"HCP","pointwise",1
13,20,17,-27.9497487437186,81.2613065326633,"HCP","pointwise",1
13,24,-14,-47.035175879397,113.070351758794,"HCP","pointwise",1
13,6,-32,-39.6130653266332,122.613065326633,"DWR","pointwise",1
13,12,-13,-26.8894472361809,83.3819095477387,"DWR","pointwise",1
13,20,17,-37.4924623115578,96.105527638191,"DWR","pointwise",1
13,24,-14,-16.286432160804,57.9346733668342,"DWR","pointwise",1
13,6,-32,-62.9396984924623,115.190954773869,"LC","pointwise",1
13,12,-13,-61.8793969849246,93.9849246231156,"LC","pointwise",1
13,20,17,-64,75.9597989949749,"LC","pointwise",1
13,24,-14,-64,144.879396984925,"LC","pointwise",1
14,6,-31,-52.3366834170854,53.6934673366834,"HCP","pointwise",1
14,12,-19,-64,51.572864321608,"HCP","pointwise",1
14,20,-14,-27.9497487437186,75.9597989949749,"HCP","pointwise",1
14,24,-33,-53.3969849246231,113.070351758794,"HCP","pointwise",1
14,6,-31,-37.4924623115578,71.7185929648241,"DWR","pointwise",1
14,12,-19,-64,66.4170854271357,"DWR","pointwise",1
14,20,-14,-58.6984924623116,87.6231155778895,"DWR","pointwise",1
14,24,-33,-64,92.9246231155779,"DWR","pointwise",1
14,6,-31,-64,62.1758793969849,"LC","pointwise",1
14,12,-19,-10.9849246231156,115.190954773869,"LC","pointwise",1
14,20,-14,-64,106.708542713568,"LC","pointwise",1
14,24,-33,-22.6482412060301,119.43216080402,"LC","pointwise",1
15,6,13,-51.2763819095477,50.5125628140703,"HCP","pointwise",1
15,12,46,-64,50.5125628140703,"HCP","pointwise",1
15,20,73,-32.1909547738694,75.9597989949749,"HCP","pointwise",1
15,24,23,-32.1909547738694,113.070351758794,"HCP","pointwise",1
15,6,13,-45.9748743718593,67.4773869346734,"DWR","pointwise",1
15,12,46,-64,72.7788944723618,"DWR","pointwise",1
15,20,73,-32.1909547738694,93.9849246231156,"DWR","pointwise",1
15,24,23,-52.3366834170854,68.537688442211,"DWR","pointwise",1
15,6,13,-64,127.914572864322,"LC","pointwise",1
15,12,46,-38.5527638190955,85.5025125628141,"LC","pointwise",1
15,20,73,-21.5879396984925,82.321608040201,"LC","pointwise",1
15,24,23,-27.9497487437186,90.8040201005025,"LC","pointwise",1
16,6,6,-51.2763819095477,53.6934673366834,"HCP","pointwise",1
16,12,-14,-64,53.6934673366834,"HCP","pointwise",1
16,20,15,-27.9497487437186,75.9597989949749,"HCP","pointwise",1
16,24,-33.8329894342196,-50.21608040201,113.070351758794,"HCP","pointwise",0
16,6,6,-55.5175879396985,78.0804020100502,"DWR","pointwise",1
16,12,-14,-52.3366834170854,75.9597989949749,"DWR","pointwise",1
16,20,15,-39.6130653266332,82.321608040201,"DWR","pointwise",1
16,24,-33.8329894342196,-36.4321608040201,85.5025125628141,"DWR","pointwise",0
16,6,6,-47.035175879397,47.3316582914573,"LC","pointwise",1
16,12,-14,-64,113.070351758794,"LC","pointwise",1
16,20,15,-64,61.1155778894472,"LC","pointwise",1
16,24,-33.8329894342196,-64,131.095477386935,"LC","pointwise",0
17,6,-35,-45.9748743718593,54.7537688442211,"HCP","pointwise",1
17,12,-28,-64,58.9949748743719,"HCP","pointwise",1
17,20,16,-25.8291457286432,75.9597989949749,"HCP","pointwise",1
17,24,29,-31.1306532663317,113.070351758794,"HCP","pointwise",1
17,6,-35,-48.0954773869347,82.321608040201,"DWR","pointwise",1
17,12,-28,-64,88.6834170854272,"DWR","pointwise",1
17,20,16,-30.070351758794,83.3819095477387,"DWR","pointwise",1
17,24,29,-54.4572864321608,79.140703517588,"DWR","pointwise",1
17,6,-35,-55.5175879396985,122.613065326633,"LC","pointwise",1
17,12,-28,-15.2261306532663,113.070351758794,"LC","pointwise",1
17,20,16,-56.5778894472362,79.140703517588,"LC","pointwise",1
17,24,29,-64,109.889447236181,"LC","pointwise",1
18,6,19,-56.5778894472362,56.8743718592965,"HCP","pointwise",1
18,12,1,-64,57.9346733668342,"HCP","pointwise",1
18,20,1,-29.0100502512563,75.9597989949749,"HCP","pointwise",1
18,24,-23,-48.0954773869347,113.070351758794,"HCP","pointwise",1
18,6,19,-45.9748743718593,78.0804020100502,"DWR","pointwise",1
18,12,1,-52.3366834170854,57.9346733668342,"DWR","pointwise",1
18,20,1,-60.8190954773869,79.140703517588,"DWR","pointwise",1
18,24,-23,-30.070351758794,82.321608040201,"DWR","pointwise",1
18,6,19,-64,102.467336683417,"LC","pointwise",1
18,12,1,-48.0954773869347,140.638190954774,"LC","pointwise",1
18,20,1,-64,61.1155778894472,"LC","pointwise",1
18,24,-23,-64,130.035175879397,"LC","pointwise",1
19,6,24,-57.6381909547739,60.0552763819096,"HCP","pointwise",1
19,12,23,-64,65.356783919598,"HCP","pointwise",1
19,20,60,-31.1306532663317,75.9597989949749,"HCP","pointwise",1
19,24,75,-39.6130653266332,113.070351758794,"HCP","pointwise",1
19,6,24,-64,61.1155778894472,"DWR","pointwise",1
19,12,23,-62.9396984924623,91.8643216080402,"DWR","pointwise",1
19,20,60,-49.1557788944724,85.5025125628141,"DWR","pointwise",1
19,24,75,-59.7587939698492,75.9597989949749,"DWR","pointwise",1
19,6,24,-60.8190954773869,43.0904522613065,"LC","pointwise",1
19,12,23,-58.6984924623116,110.949748743719,"LC","pointwise",1
19,20,60,-13.105527638191,103.527638190955,"LC","pointwise",1
19,24,75,-64,117.311557788945,"LC","pointwise",1
20,6,85,-54.4572864321608,56.8743718592965,"HCP","pointwise",1
20,12,70,-64,64.2964824120603,"HCP","pointwise",1
20,20,75,-30.070351758794,58.9949748743719,"HCP","pointwise",1
20,24,111,-40.6733668341708,83.3819095477387,"HCP","pointwise",1
20,6,85,-44.9145728643216,56.8743718592965,"DWR","pointwise",1
20,12,70,-52.3366834170854,88.6834170854272,"DWR","pointwise",1
20,20,75,-60.8190954773869,75.9597989949749,"DWR","pointwise",1
20,24,111,-34.3115577889447,75.9597989949749,"DWR","pointwise",1
20,6,85,-49.1557788944724,56.8743718592965,"LC","pointwise",1
20,12,70,-64,84.4422110552764,"LC","pointwise",1
20,20,75,-64,109.889447236181,"LC","pointwise",1
20,24,111,-64,57.9346733668342,"LC","pointwise",1
21,6,36,-52.3366834170854,55.8140703517588,"HCP","pointwise",1
21,12,30,-64,63.2361809045226,"HCP","pointwise",1
21,20,33,-31.1306532663317,67.4773869346734,"HCP","pointwise",1
21,24,-34.5064632133482,-42.7939698492462,90.8040201005025,"HCP","pointwise",0
21,6,36,-64,80.2010050251256,"DWR","pointwise",1
21,12,30,-30.070351758794,80.2010050251256,"DWR","pointwise",1
21,20,33,-49.1557788944724,93.9849246231156,"DWR","pointwise",1
21,24,-34.5064632133482,-43.8542713567839,80.2010050251256,"DWR","pointwise",0
21,6,36,-24.7688442211055,18.7035175879397,"LC","pointwise",1
21,12,30,-64,135.336683417085,"LC","pointwise",1
21,20,33,-16.286432160804,73.8391959798995,"LC","pointwise",1
21,24,-34.5064632133482,-52.3366834170854,123.673366834171,"LC","pointwise",0
22,6,-41,-52.3366834170854,54.7537688442211,"HCP","pointwise",1
22,12,3,-55.5175879396985,62.1758793969849,"HCP","pointwise",1
22,20,-21,-22.6482412060301,68.537688442211,"HCP","pointwise",1
22,24,-10,-36.4321608040201,85.5025125628141,"HCP","pointwise",1
22,6,-41,-57.6381909547739,57.9346733668342,"DWR","pointwise",1
22,12,3,-64,63.2361809045226,"DWR","pointwise",1
22,20,-21,-55.5175879396985,83.3819095477387,"DWR","pointwise",1
22,24,-10,-51.2763819095477,71.7185929648241,"DWR","pointwise",1
22,6,-41,-64,75.9597989949749,"LC","pointwise",1
22,12,3,-47.035175879397,101.407035175879,"LC","pointwise",1
22,20,-21,-32.1909547738694,116.251256281407,"LC","pointwise",1
22,24,-10,-64,147,"LC","pointwise",1
23,6,-53,-45.9748743718593,52.6331658291457,"HCP","pointwise",1
23,12,-30,-45.9748743718593,63.2361809045226,"HCP","pointwise",1
23,20,-31,-20.5276381909548,71.7185929648241,"HCP","pointwise",1
23,24,-3,-61.8793969849246,84.4422110552764,"HCP","pointwise",1
23,6,-53,-32.1909547738694,73.8391959798995,"DWR","pointwise",1
23,12,-30,-64,65.356783919598,"DWR","pointwise",1
23,20,-31,-37.4924623115578,83.3819095477387,"DWR","pointwise",1
23,24,-3,-52.3366834170854,60.0552763819096,"DWR","pointwise",1
23,6,-53,-64,65.356783919598,"LC","pointwise",1
23,12,-30,-64,77.0201005025126,"LC","pointwise",1
23,20,-31,-32.1909547738694,90.8040201005025,"LC","pointwise",1
23,24,-3,-59.7587939698492,128.974874371859,"LC","pointwise",1
24,6,23,-49.1557788944724,51.572864321608,"HCP","pointwise",1
24,12,15,-47.035175879397,66.4170854271357,"HCP","pointwise",1
24,20,60,-34.3115577889447,66.4170854271357,"HCP","pointwise",1
24,24,55,-61.8793969849246,88.6834170854272,"HCP","pointwise",1
24,6,23,-42.7939698492462,61.1155778894472,"DWR","pointwise",1
24,12,15,-30.070351758794,88.6834170854272,"DWR","pointwise",1
24,20,60,-64,89.7437185929648,"DWR","pointwise",1
24,24,55,-64,69.5979899497488,"DWR","pointwise",1
24,6,23,-64,52.6331658291457,"LC","pointwise",1
24,12,15,-26.8894472361809,105.64824120603,"LC","pointwise",1
24,20,60,-38.5527638190955,67.4773869346734,"LC","pointwise",1
24,24,55,-44.9145728643216,95.0452261306533,"LC","pointwise",1
25,6,-23,-51.2763819095477,52.6331658291457,"HCP","pointwise",1
25,12,23,-44.9145728643216,45.2110552763819,"HCP","pointwise",1
25,20,27,-34.3115577889447,72.7788944723618,"HCP","pointwise",1
25,24,35,-61.8793969849246,88.6834170854272,"HCP","pointwise",1
25,6,-23,-37.4924623115578,99.286432160804,"DWR","pointwise",1
25,12,23,-50.21608040201,93.9849246231156,"DWR","pointwise",1
25,20,27,-57.6381909547739,92.9246231155779,"DWR","pointwise",1
25,24,35,-32.1909547738694,108.829145728643,"DWR","pointwise",1
25,6,-23,-64,121.552763819095,"LC","pointwise",1
25,12,23,-64,56.8743718592965,"LC","pointwise",1
25,20,27,-9.92462311557789,75.9597989949749,"LC","pointwise",1
25,24,35,-32.1909547738694,54.7537688442211,"LC","pointwise",1
26,6,12,-52.3366834170854,53.6934673366834,"HCP","pointwise",1
26,12,-17,-40.6733668341708,45.2110552763819,"HCP","pointwise",1
26,20,13,-34.3115577889447,72.7788944723618,"HCP","pointwise",1
26,24,16,-47.035175879397,74.8994974874372,"HCP","pointwise",1
26,6,12,-58.6984924623116,62.1758793969849,"DWR","pointwise",1
26,12,-17,-44.9145728643216,87.6231155778895,"DWR","pointwise",1
26,20,13,-34.3115577889447,97.1658291457287,"DWR","pointwise",1
26,24,16,-32.1909547738694,91.8643216080402,"DWR","pointwise",1
26,6,12,-57.6381909547739,98.2261306532663,"LC","pointwise",1
26,12,-17,-48.0954773869347,75.9597989949749,"LC","pointwise",1
26,20,13,-21.5879396984925,97.1658291457287,"LC","pointwise",1
26,24,16,-64,120.492462311558,"LC","pointwise",1
27,6,4,-50.21608040201,53.6934673366834,"HCP","pointwise",1
27,12,16,-40.6733668341708,45.2110552763819,"HCP","pointwise",1
27,20,9,-31.1306532663317,72.7788944723618,"HCP","pointwise",1
27,24,11,-45.9748743718593,82.321608040201,"HCP","pointwise",1
27,6,4,-64,81.2613065326633,"DWR","pointwise",1
27,12,16,-54.4572864321608,83.3819095477387,"DWR","pointwise",1
27,20,9,-56.5778894472362,82.321608040201,"DWR","pointwise",1
27,24,11,-41.7336683417085,87.6231155778895,"DWR","pointwise",1
27,6,4,-62.9396984924623,103.527638190955,"LC","pointwise",1
27,12,16,-64,107.768844221106,"LC","pointwise",1
27,20,9,-52.3366834170854,80.2010050251256,"LC","pointwise",1
27,24,11,-43.8542713567839,135.336683417085,"LC","pointwise",1
28,6,7,-49.1557788944724,52.6331658291457,"HCP","pointwise",1
28,12,15,-40.6733668341708,51.572864321608,"HCP","pointwise",1
28,20,34,-34.3115577889447,75.9597989949749,"HCP","pointwise",1
28,24,-8,-43.8542713567839,81.2613065326633,"HCP","pointwise",1
28,6,7,-40.6733668341708,68.537688442211,"DWR","pointwise",1
28,12,15,-59.7587939698492,57.9346733668342,"DWR","pointwise",1
28,20,34,-60.8190954773869,78.0804020100502,"DWR","pointwise",1
28,24,-8,-53.3969849246231,86.5628140703518,"DWR","pointwise",1
28,6,7,-64,107.768844221106,"LC","pointwise",1
28,12,15,-43.8542713567839,35.6683417085427,"LC","pointwise",1
28,20,34,-13.105527638191,121.552763819095,"LC","pointwise",1
28,24,-8,-45.9748743718593,98.2261306532663,"LC","pointwise",1
29,6,5,-50.21608040201,49.4522613065327,"HCP","pointwise",1
29,12,0,-36.4321608040201,81.2613065326633,"HCP","pointwise",1
29,20,20,-34.3115577889447,75.9597989949749,"HCP","pointwise",1
29,24,54,-34.3115577889447,80.2010050251256,"HCP","pointwise",1
29,6,5,-54.4572864321608,86.5628140703518,"DWR","pointwise",1
29,12,0,-64,93.9849246231156,"DWR","pointwise",1
29,20,20,-64,81.2613065326633,"DWR","pointwise",1
29,24,54,-36.4321608040201,101.407035175879,"DWR","pointwise",1
29,6,5,-57.6381909547739,33.5477386934673,"LC","pointwise",1
29,12,0,-64,34.608040201005,"LC","pointwise",1
29,20,20,-56.5778894472362,93.9849246231156,"LC","pointwise",1
29,24,54,-52.3366834170854,119.43216080402,"LC","pointwise",1
30,6,27,-51.2763819095477,53.6934673366834,"HCP","pointwise",1
30,12,35,-38.5527638190955,81.2613065326633,"HCP","pointwise",1
30,20,10,-36.4321608040201,77.0201005025126,"HCP","pointwise",1
30,24,71,-37.4924623115578,80.2010050251256,"HCP","pointwise",1
30,6,27,-58.6984924623116,60.0552763819096,"DWR","pointwise",1
30,12,35,-37.4924623115578,63.2361809045226,"DWR","pointwise",1
30,20,10,-38.5527638190955,81.2613065326633,"DWR","pointwise",1
30,24,71,-51.2763819095477,81.2613065326633,"DWR","pointwise",1
30,6,27,-64,103.527638190955,"LC","pointwise",1
30,12,35,-27.9497487437186,80.2010050251256,"LC","pointwise",1
30,20,10,-53.3969849246231,57.9346733668342,"LC","pointwise",1
30,24,71,-15.2261306532663,147,"LC","pointwise",1
31,6,-18,-49.1557788944724,52.6331658291457,"HCP","pointwise",1
31,12,-18,-38.5527638190955,81.2613065326633,"HCP","pointwise",1
31,20,30,-36.4321608040201,75.9597989949749,"HCP","pointwise",1
31,24,20,-40.6733668341708,90.8040201005025,"HCP","pointwise",1
31,6,-18,-64,68.537688442211,"DWR","pointwise",1
31,12,-18,-49.1557788944724,89.7437185929648,"DWR","pointwise",1
31,20,30,-51.2763819095477,82.321608040201,"DWR","pointwise",1
31,24,20,-50.21608040201,71.7185929648241,"DWR","pointwise",1
31,6,-18,-64,77.0201005025126,"LC","pointwise",1
31,12,-18,-61.8793969849246,117.311557788945,"LC","pointwise",1
31,20,30,-64,98.2261306532663,"LC","pointwise",1
31,24,20,-51.2763819095477,113.070351758794,"LC","pointwise",1
32,6,29,-48.0954773869347,48.391959798995,"HCP","pointwise",1
32,12,31,-38.5527638190955,81.2613065326633,"HCP","pointwise",1
32,20,30,-44.9145728643216,75.9597989949749,"HCP","pointwise",1
32,24,42,-45.9748743718593,89.7437185929648,"HCP","pointwise",1
32,6,29,-64,56.8743718592965,"DWR","pointwise",1
32,12,31,-41.7336683417085,69.5979899497488,"DWR","pointwise",1
32,20,30,-35.3718592964824,97.1658291457287,"DWR","pointwise",1
32,24,42,-26.8894472361809,122.613065326633,"DWR","pointwise",1
32,6,29,-54.4572864321608,101.407035175879,"LC","pointwise",1
32,12,31,-64,86.5628140703518,"LC","pointwise",1
32,20,30,-64,83.3819095477387,"LC","pointwise",1
32,24,42,-53.3969849246231,134.276381909548,"LC","pointwise",1
33,6,8,-47.035175879397,50.5125628140703,"HCP","pointwise",1
33,12,44,-38.5527638190955,81.2613065326633,"HCP","pointwise",1
33,20,11,-43.8542713567839,80.2010050251256,"HCP","pointwise",1
33,24,42.8635010903743,-41.7336683417085,90.8040201005025,"HCP","pointwise",0
33,6,8,-53.3969849246231,80.2010050251256,"DWR","pointwise",1
33,12,44,-56.5778894472362,68.537688442211,"DWR","pointwise",1
33,20,11,-62.9396984924623,67.4773869346734,"DWR","pointwise",1
33,24,42.8635010903743,-64,78.0804020100502,"DWR","pointwise",0
33,6,8,-62.9396984924623,30.3668341708543,"LC","pointwise",1
33,12,44,-51.2763819095477,127.914572864322,"LC","pointwise",1
33,20,11,-33.251256281407,93.9849246231156,"LC","pointwise",1
33,24,42.8635010903743,-64,93.9849246231156,"LC","pointwise",0
34,6,17,-49.1557788944724,54.7537688442211,"HCP","pointwise",1
34,12,-29,-44.9145728643216,81.2613065326633,"HCP","pointwise",1
34,20,27,-51.2763819095477,82.321608040201,"HCP","pointwise",1
34,24,15,-47.035175879397,96.105527638191,"HCP","pointwise",1
34,6,17,-64,78.0804020100502,"DWR","pointwise",1
34,12,-29,-37.4924623115578,80.2010050251256,"DWR","pointwise",1
34,20,27,-60.8190954773869,68.537688442211,"DWR","pointwise",1
34,24,15,-18.4070351758794,85.5025125628141,"DWR","pointwise",1
34,6,17,-25.8291457286432,104.587939698492,"LC","pointwise",1
34,12,-29,-47.035175879397,62.1758793969849,"LC","pointwise",1
34,20,27,-64,107.768844221106,"LC","pointwise",1
34,24,15,-47.035175879397,85.5025125628141,"LC","pointwise",1
35,6,0,-48.0954773869347,53.6934673366834,"HCP","pointwise",1
35,12,-52.0608745277304,-52.3366834170854,81.2613065326633,"HCP","pointwise",0
35,20,47.8876733281598,-35.3718592964824,88.6834170854272,"HCP","pointwise",0
35,24,137.892738172905,-43.8542713567839,88.6834170854272,"HCP","pointwise",0
35,6,0,-57.6381909547739,87.6231155778895,"DWR","pointwise",1
35,12,-52.0608745277304,-30.070351758794,75.9597989949749,"DWR","pointwise",0
35,20,47.8876733281598,-32.1909547738694,83.3819095477387,"DWR","pointwise",0
35,24,137.892738172905,-53.3969849246231,74.8994974874372,"DWR","pointwise",0
35,6,0,-64,104.587939698492,"LC","pointwise",1
35,12,-52.0608745277304,-64,75.9597989949749,"LC","pointwise",0
35,20,47.8876733281598,-43.8542713567839,82.321608040201,"LC","pointwise",0
35,24,137.892738172905,-64,75.9597989949749,"LC","pointwise",0
36,6,36,-50.21608040201,55.8140703517588,"HCP","pointwise",1
36,12,6,-57.6381909547739,81.2613065326633,"HCP","pointwise",1
36,20,-4,-36.4321608040201,88.6834170854272,"HCP","pointwise",1
36,24,129.916974922783,-47.035175879397,77.0201005025126,"HCP","pointwise",0
36,6,36,-49.1557788944724,84.4422110552764,"DWR","pointwise",1
36,12,6,-41.7336683417085,73.8391959798995,"DWR","pointwise",1
36,20,-4,-51.2763819095477,68.537688442211,"DWR","pointwise",1
36,24,129.916974922783,-51.2763819095477,50.5125628140703,"DWR","pointwise",0
36,6,36,-52.3366834170854,30.3668341708543,"LC","pointwise",1
36,12,6,-64,47.3316582914573,"LC","pointwise",1
36,20,-4,-32.1909547738694,74.8994974874372,"LC","pointwise",1
36,24,129.916974922783,-64,109.889447236181,"LC","pointwise",0
37,6,17,-53.3969849246231,51.572864321608,"HCP","pointwise",1
37,12,-33.194375458009,-54.4572864321608,81.2613065326633,"HCP","pointwise",0
37,20,42.935012423295,-34.3115577889447,88.6834170854272,"HCP","pointwise",0
37,24,-3.81278872346817,-44.9145728643216,77.0201005025126,"HCP","pointwise",0
37,6,17,-64,77.0201005025126,"DWR","pointwise",1
37,12,-33.194375458009,-45.9748743718593,71.7185929648241,"DWR","pointwise",0
37,20,42.935012423295,-30.070351758794,64.2964824120603,"DWR","pointwise",0
37,24,-3.81278872346817,-18.4070351758794,103.527638190955,"DWR","pointwise",0
37,6,17,-64,81.2613065326633,"LC","pointwise",1
37,12,-33.194375458009,-35.3718592964824,54.7537688442211,"LC","pointwise",0
37,20,42.935012423295,-33.251256281407,83.3819095477387,"LC","pointwise",0
37,24,-3.81278872346817,-45.9748743718593,70.6582914572864,"LC","pointwise",0
38,6,26,-48.0954773869347,49.4522613065327,"HCP","pointwise",1
38,12,45.8236846888439,-54.4572864321608,81.2613065326633,"HCP","pointwise",0
38,20,-54.0960082838023,-33.251256281407,88.6834170854272,"HCP","pointwise",0
38,24,103.037668796958,-37.4924623115578,81.2613065326633,"HCP","pointwise",0
38,6,26,-64,57.9346733668342,"DWR","pointwise",1
38,12,45.8236846888439,-31.1306532663317,80.2010050251256,"DWR","pointwise",0
38,20,-54.0960082838023,-33.251256281407,67.4773869346734,"DWR","pointwise",0
38,24,103.037668796958,-33.251256281407,101.407035175879,"DWR","pointwise",0
38,6,26,-48.0954773869347,133.21608040201,"LC","pointwise",1
38,12,45.8236846888439,-45.9748743718593,75.9597989949749,"LC","pointwise",0
38,20,-54.0960082838023,-64,74.8994974874372,"LC","pointwise",0
38,24,103.037668796958,-61.8793969849246,141.698492462312,"LC","pointwise",0
39,6,27,-48.0954773869347,44.1507537688442,"HCP","pointwise",1
39,12,17,-54.4572864321608,81.2613065326633,"HCP","pointwise",1
39,20,-22.4998492600365,-33.251256281407,81.2613065326633,"HCP","pointwise",0
39,24,24.2267759469986,-41.7336683417085,77.0201005025126,"HCP","pointwise",0
39,6,27,-52.3366834170854,62.1758793969849,"DWR","pointwise",1
39,12,17,-30.070351758794,75.9597989949749,"DWR","pointwise",1
39,20,-22.4998492600365,-23.7085427135678,67.4773869346734,"DWR","pointwise",0
39,24,24.2267759469986,-36.4321608040201,68.537688442211,"DWR","pointwise",0
39,6,27,-61.8793969849246,58.9949748743719,"LC","pointwise",1
39,12,17,-32.1909547738694,83.3819095477387,"LC","pointwise",1
39,20,-22.4998492600365,-64,98.2261306532663,"LC","pointwise",0
39,24,24.2267759469986,-51.2763819095477,87.6231155778895,"LC","pointwise",0
40,6,-2,-50.21608040201,44.1507537688442,"HCP","pointwise",1
40,12,36,-53.3969849246231,83.3819095477387,"HCP","pointwise",1
40,20,38.1168850653984,-32.1909547738694,81.2613065326633,"HCP","pointwise",0
40,24,49.339452483583,-39.6130653266332,77.0201005025126,"HCP","pointwise",0
40,6,-2,-64,71.7185929648241,"DWR","pointwise",1
40,12,36,-59.7587939698492,83.3819095477387,"DWR","pointwise",1
40,20,38.1168850653984,-35.3718592964824,92.9246231155779,"DWR","pointwise",0
40,24,49.339452483583,-61.8793969849246,58.9949748743719,"DWR","pointwise",0
40,6,-2,-57.6381909547739,119.43216080402,"LC","pointwise",1
40,12,36,-42.7939698492462,130.035175879397,"LC","pointwise",1
40,20,38.1168850653984,-64,68.537688442211,"LC","pointwise",0
40,24,49.339452483583,-64,58.9949748743719,"LC","pointwise",0
41,6,-64,-47.2964824120603,46.1758793969849,"HCP","pointwise",1
41,12,-41,-53.5979899497487,72.4321608040201,"HCP","pointwise",1
41,20,-8.12175579861045,-30.4924623115578,88.1859296482412,"HCP","pointwise",0
41,24,13.1093120040359,-34.6934673366834,77.6834170854271,"HCP","pointwise",0
41,6,-64,-52.5477386934673,85.035175879397,"DWR","pointwise",1
41,12,-41,-28.391959798995,80.8341708542713,"DWR","pointwise",1
41,20,-8.12175579861045,-45.1959798994975,87.1356783919598,"DWR","pointwise",0
41,24,13.1093120040359,-62,55.6281407035176,"DWR","pointwise",0
41,6,-64,-32.5929648241206,39.8743718592965,"LC","pointwise",1
41,12,-41,-48.3467336683417,140.698492462312,"LC","pointwise",1
41,20,-8.12175579861045,-34.6934673366834,57.7286432160804,"LC","pointwise",0
41,24,13.1093120040359,-55.6984924623116,86.0854271356784,"LC","pointwise",0
42,6,68,-53.3969849246231,66.4170854271357,"HCP","pointwise",1
42,12,117,-41.7336683417085,87.6231155778895,"HCP","pointwise",1
42,20,50,-35.3718592964824,130.035175879397,"HCP","pointwise",1
42,24,96,-58.6984924623116,115.190954773869,"HCP","pointwise",1
42,6,68,-60.8190954773869,58.9949748743719,"DWR","pointwise",1
42,12,117,-58.6984924623116,91.8643216080402,"DWR","pointwise",1
42,20,50,-58.6984924623116,83.3819095477387,"DWR","pointwise",1
42,24,96,-27.9497487437186,95.0452261306533,"DWR","pointwise",1
42,6,68,-64,96.105527638191,"LC","pointwise",1
42,12,117,-45.9748743718593,110.949748743719,"LC","pointwise",1
42,20,50,-21.5879396984925,114.130653266332,"LC","pointwise",1
42,24,96,-61.8793969849246,140.638190954774,"LC","pointwise",1
43,6,6,-51.2763819095477,72.7788944723618,"HCP","pointwise",1
43,12,24,-41.7336683417085,89.7437185929648,"HCP","pointwise",1
43,20,-9,-34.3115577889447,114.130653266332,"HCP","pointwise",1
43,24,86,-59.7587939698492,113.070351758794,"HCP","pointwise",1
43,6,6,-62.9396984924623,78.0804020100502,"DWR","pointwise",1
43,12,24,-48.0954773869347,92.9246231155779,"DWR","pointwise",1
43,20,-9,-48.0954773869347,87.6231155778895,"DWR","pointwise",1
43,24,86,-45.9748743718593,93.9849246231156,"DWR","pointwise",1
43,6,6,-64,88.6834170854272,"LC","pointwise",1
43,12,24,-40.6733668341708,103.527638190955,"LC","pointwise",1
43,20,-9,-27.9497487437186,115.190954773869,"LC","pointwise",1
43,24,86,-33.251256281407,147,"LC","pointwise",1
44,6,47,-54.4572864321608,72.7788944723618,"HCP","pointwise",1
44,12,30,-42.7939698492462,87.6231155778895,"HCP","pointwise",1
44,20,35,-35.3718592964824,95.0452261306533,"HCP","pointwise",1
44,24,107,-58.6984924623116,110.949748743719,"HCP","pointwise",1
44,6,47,-43.8542713567839,73.8391959798995,"DWR","pointwise",1
44,12,30,-35.3718592964824,92.9246231155779,"DWR","pointwise",1
44,20,35,-47.035175879397,105.64824120603,"DWR","pointwise",1
44,24,107,9.1608040201005,137.457286432161,"DWR","pointwise",1
44,6,47,-27.9497487437186,108.829145728643,"LC","pointwise",1
44,12,30,-58.6984924623116,109.889447236181,"LC","pointwise",1
44,20,35,-24.7688442211055,92.9246231155779,"LC","pointwise",1
44,24,107,-53.3969849246231,147,"LC","pointwise",1
45,6,49,-55.5175879396985,69.5979899497488,"HCP","pointwise",1
45,12,22,-42.7939698492462,91.8643216080402,"HCP","pointwise",1
45,20,41,-36.4321608040201,95.0452261306533,"HCP","pointwise",1
45,24,101,-58.6984924623116,107.768844221106,"HCP","pointwise",1
45,6,49,-54.4572864321608,87.6231155778895,"DWR","pointwise",1
45,12,22,-60.8190954773869,90.8040201005025,"DWR","pointwise",1
45,20,41,-64,75.9597989949749,"DWR","pointwise",1
45,24,101,-48.0954773869347,88.6834170854272,"DWR","pointwise",1
45,6,49,-43.8542713567839,56.8743718592965,"LC","pointwise",1
45,12,22,-64,89.7437185929648,"LC","pointwise",1
45,20,41,-35.3718592964824,83.3819095477387,"LC","pointwise",1
45,24,101,-64,107.768844221106,"LC","pointwise",1
46,6,27,-54.4572864321608,71.7185929648241,"HCP","pointwise",1
46,12,60,-33.251256281407,95.0452261306533,"HCP","pointwise",1
46,20,37,-35.3718592964824,93.9849246231156,"HCP","pointwise",1
46,24,25,-58.6984924623116,107.768844221106,"HCP","pointwise",1
46,6,27,-41.7336683417085,84.4422110552764,"DWR","pointwise",1
46,12,60,-22.6482412060301,63.2361809045226,"DWR","pointwise",1
46,20,37,-37.4924623115578,88.6834170854272,"DWR","pointwise",1
46,24,25,-39.6130653266332,71.7185929648241,"DWR","pointwise",1
46,6,27,-38.5527638190955,83.3819095477387,"LC","pointwise",1
46,12,60,-64,147,"LC","pointwise",1
46,20,37,-44.9145728643216,127.914572864322,"LC","pointwise",1
46,24,25,-55.5175879396985,101.407035175879,"LC","pointwise",1
47,6,31,-51.2763819095477,72.7788944723618,"HCP","pointwise",1
47,12,-9,-40.6733668341708,92.9246231155779,"HCP","pointwise",1
47,20,18,-34.3115577889447,92.9246231155779,"HCP","pointwise",1
47,24,11,-50.21608040201,118.371859296482,"HCP","pointwise",1
47,6,31,-59.7587939698492,97.1658291457287,"DWR","pointwise",1
47,12,-9,-62.9396984924623,89.7437185929648,"DWR","pointwise",1
47,20,18,-39.6130653266332,106.708542713568,"DWR","pointwise",1
47,24,11,-37.4924623115578,120.492462311558,"DWR","pointwise",1
47,6,31,-43.8542713567839,49.4522613065327,"LC","pointwise",1
47,12,-9,-5.68341708542713,67.4773869346734,"LC","pointwise",1
47,20,18,-57.6381909547739,115.190954773869,"LC","pointwise",1
47,24,11,-64,118.371859296482,"LC","pointwise",1
48,6,24,-50.21608040201,72.7788944723618,"HCP","pointwise",1
48,12,-20,-40.6733668341708,100.346733668342,"HCP","pointwise",1
48,20,-24,-32.1909547738694,88.6834170854272,"HCP","pointwise",1
48,24,-62,-49.1557788944724,115.190954773869,"HCP","pointwise",1
48,6,24,-61.8793969849246,89.7437185929648,"DWR","pointwise",1
48,12,-20,-43.8542713567839,79.140703517588,"DWR","pointwise",1
48,20,-24,-31.1306532663317,82.321608040201,"DWR","pointwise",1
48,24,-62,-36.4321608040201,74.8994974874372,"DWR","pointwise",1
48,6,24,-61.8793969849246,147,"LC","pointwise",1
48,12,-20,-64,147,"LC","pointwise",1
48,20,-24,-14.1658291457286,102.467336683417,"LC","pointwise",1
48,24,-62,-45.9748743718593,103.527638190955,"LC","pointwise",1
49,6,13,-45.9748743718593,73.8391959798995,"HCP","pointwise",1
49,12,36,-43.8542713567839,100.346733668342,"HCP","pointwise",1
49,20,37,-36.4321608040201,91.8643216080402,"HCP","pointwise",1
49,24,5,-39.6130653266332,112.010050251256,"HCP","pointwise",1
49,6,13,-54.4572864321608,79.140703517588,"DWR","pointwise",1
49,12,36,-31.1306532663317,103.527638190955,"DWR","pointwise",1
49,20,37,-45.9748743718593,91.8643216080402,"DWR","pointwise",1
49,24,5,-20.5276381909548,109.889447236181,"DWR","pointwise",1
49,6,13,-60.8190954773869,87.6231155778895,"LC","pointwise",1
49,12,36,-54.4572864321608,141.698492462312,"LC","pointwise",1
49,20,37,-22.6482412060301,104.587939698492,"LC","pointwise",1
49,24,5,-43.8542713567839,73.8391959798995,"LC","pointwise",1
50,6,25,-47.035175879397,75.9597989949749,"HCP","pointwise",1
50,12,-36,-40.6733668341708,68.537688442211,"HCP","pointwise",1
50,20,10,-34.3115577889447,92.9246231155779,"HCP","pointwise",1
50,24,-32,-34.3115577889447,116.251256281407,"HCP","pointwise",1
50,6,25,-53.3969849246231,95.0452261306533,"DWR","pointwise",1
50,12,-36,-43.8542713567839,80.2010050251256,"DWR","pointwise",1
50,20,10,-20.5276381909548,92.9246231155779,"DWR","pointwise",1
50,24,-32,-20.5276381909548,80.2010050251256,"DWR","pointwise",1
50,6,25,-53.3969849246231,73.8391959798995,"LC","pointwise",1
50,12,-36,-29.0100502512563,116.251256281407,"LC","pointwise",1
50,20,10,-32.1909547738694,68.537688442211,"LC","pointwise",1
50,24,-32,-64,120.492462311558,"LC","pointwise",1
51,6,-29,-44.9145728643216,73.8391959798995,"HCP","pointwise",1
51,12,9,-44.9145728643216,73.8391959798995,"HCP","pointwise",1
51,20,30,-53.3969849246231,95.0452261306533,"HCP","pointwise",1
51,24,-8,-34.3115577889447,110.949748743719,"HCP","pointwise",1
51,6,-29,-36.4321608040201,84.4422110552764,"DWR","pointwise",1
51,12,9,-58.6984924623116,74.8994974874372,"DWR","pointwise",1
51,20,30,-34.3115577889447,107.768844221106,"DWR","pointwise",1
51,24,-8,-64,78.0804020100502,"DWR","pointwise",1
51,6,-29,-64,114.130653266332,"LC","pointwise",1
51,12,9,-39.6130653266332,85.5025125628141,"LC","pointwise",1
51,20,30,-64,147,"LC","pointwise",1
51,24,-8,-64,135.336683417085,"LC","pointwise",1
52,6,48,-45.9748743718593,77.0201005025126,"HCP","pointwise",1
52,12,16,-45.9748743718593,84.4422110552764,"HCP","pointwise",1
52,20,52,-49.1557788944724,95.0452261306533,"HCP","pointwise",1
52,24,-14,-32.1909547738694,115.190954773869,"HCP","pointwise",1
52,6,48,-34.3115577889447,63.2361809045226,"DWR","pointwise",1
52,12,16,-52.3366834170854,89.7437185929648,"DWR","pointwise",1
52,20,52,-15.2261306532663,100.346733668342,"DWR","pointwise",1
52,24,-14,-35.3718592964824,100.346733668342,"DWR","pointwise",1
52,6,48,-64,75.9597989949749,"LC","pointwise",1
52,12,16,-56.5778894472362,81.2613065326633,"LC","pointwise",1
52,20,52,-64,92.9246231155779,"LC","pointwise",1
52,24,-14,-31.1306532663317,147,"LC","pointwise",1
53,6,73,-44.9145728643216,73.8391959798995,"HCP","pointwise",1
53,12,11,-41.7336683417085,81.2613065326633,"HCP","pointwise",1
53,20,67,-49.1557788944724,93.9849246231156,"HCP","pointwise",1
53,24,51,-31.1306532663317,106.708542713568,"HCP","pointwise",1
53,6,73,-64,92.9246231155779,"DWR","pointwise",1
53,12,11,-50.21608040201,85.5025125628141,"DWR","pointwise",1
53,20,67,-8.8643216080402,112.010050251256,"DWR","pointwise",1
53,24,51,-64,91.8643216080402,"DWR","pointwise",1
53,6,73,-34.3115577889447,71.7185929648241,"LC","pointwise",1
53,12,11,-16.286432160804,142.758793969849,"LC","pointwise",1
53,20,67,-64,137.457286432161,"LC","pointwise",1
53,24,51,-59.7587939698492,117.311557788945,"LC","pointwise",1
54,6,47,-38.5527638190955,82.321608040201,"HCP","pointwise",1
54,12,43,-38.5527638190955,84.4422110552764,"HCP","pointwise",1
54,20,1,-49.1557788944724,93.9849246231156,"HCP","pointwise",1
54,24,-24,-30.070351758794,119.43216080402,"HCP","pointwise",1
54,6,47,-41.7336683417085,69.5979899497488,"DWR","pointwise",1
54,12,43,-51.2763819095477,81.2613065326633,"DWR","pointwise",1
54,20,1,-39.6130653266332,77.0201005025126,"DWR","pointwise",1
54,24,-24,-37.4924623115578,103.527638190955,"DWR","pointwise",1
54,6,47,-41.7336683417085,147,"LC","pointwise",1
54,12,43,-56.5778894472362,75.9597989949749,"LC","pointwise",1
54,20,1,-44.9145728643216,98.2261306532663,"LC","pointwise",1
54,24,-24,-31.1306532663317,147,"LC","pointwise",1
55,6,42,-39.6130653266332,82.321608040201,"HCP","pointwise",1
55,12,65,-41.7336683417085,79.140703517588,"HCP","pointwise",1
55,20,25,-49.1557788944724,93.9849246231156,"HCP","pointwise",1
55,24,27,-35.3718592964824,121.552763819095,"HCP","pointwise",1
55,6,42,-22.6482412060301,85.5025125628141,"DWR","pointwise",1
55,12,65,-49.1557788944724,88.6834170854272,"DWR","pointwise",1
55,20,25,-43.8542713567839,89.7437185929648,"DWR","pointwise",1
55,24,27,-25.8291457286432,105.64824120603,"DWR","pointwise",1
55,6,42,-64,147,"LC","pointwise",1
55,12,65,-27.9497487437186,103.527638190955,"LC","pointwise",1
55,20,25,-38.5527638190955,97.1658291457287,"LC","pointwise",1
55,24,27,-61.8793969849246,88.6834170854272,"LC","pointwise",1
56,6,-44,-37.4924623115578,82.321608040201,"HCP","pointwise",1
56,12,10,-41.7336683417085,81.2613065326633,"HCP","pointwise",1
56,20,-37,-49.1557788944724,93.9849246231156,"HCP","pointwise",1
56,24,-24,-31.1306532663317,119.43216080402,"HCP","pointwise",1
56,6,-44,-50.21608040201,79.140703517588,"DWR","pointwise",1
56,12,10,-33.251256281407,91.8643216080402,"DWR","pointwise",1
56,20,-37,-34.3115577889447,75.9597989949749,"DWR","pointwise",1
56,24,-24,-9.92462311557789,84.4422110552764,"DWR","pointwise",1
56,6,-44,-55.5175879396985,108.829145728643,"LC","pointwise",1
56,12,10,-47.035175879397,122.613065326633,"LC","pointwise",1
56,20,-37,-35.3718592964824,101.407035175879,"LC","pointwise",1
56,24,-24,-64,147,"LC","pointwise",1
57,6,63,-41.7336683417085,74.8994974874372,"HCP","pointwise",1
57,12,31,-43.8542713567839,84.4422110552764,"HCP","pointwise",1
57,20,51,-48.0954773869347,102.467336683417,"HCP","pointwise",1
57,24,66,-31.1306532663317,118.371859296482,"HCP","pointwise",1
57,6,63,-48.0954773869347,83.3819095477387,"DWR","pointwise",1
57,12,31,-58.6984924623116,60.0552763819096,"DWR","pointwise",1
57,20,51,-29.0100502512563,91.8643216080402,"DWR","pointwise",1
57,24,66,-22.6482412060301,138.517587939699,"DWR","pointwise",1
57,6,63,-54.4572864321608,77.0201005025126,"LC","pointwise",1
57,12,31,-39.6130653266332,139.577889447236,"LC","pointwise",1
57,20,51,-36.4321608040201,116.251256281407,"LC","pointwise",1
57,24,66,-37.4924623115578,147,"LC","pointwise",1
58,6,32,-44.9145728643216,81.2613065326633,"HCP","pointwise",1
58,12,36,-43.8542713567839,81.2613065326633,"HCP","pointwise",1
58,20,83,-49.1557788944724,104.587939698492,"HCP","pointwise",1
58,24,36,-31.1306532663317,119.43216080402,"HCP","pointwise",1
58,6,32,-43.8542713567839,88.6834170854272,"DWR","pointwise",1
58,12,36,-48.0954773869347,96.105527638191,"DWR","pointwise",1
58,20,83,-44.9145728643216,125.793969849246,"DWR","pointwise",1
58,24,36,-45.9748743718593,54.7537688442211,"DWR","pointwise",1
58,6,32,-64,105.64824120603,"LC","pointwise",1
58,12,36,-38.5527638190955,133.21608040201,"LC","pointwise",1
58,20,83,-23.7085427135678,144.879396984925,"LC","pointwise",1
58,24,36,-58.6984924623116,147,"LC","pointwise",1
59,6,13,-45.9748743718593,82.321608040201,"HCP","pointwise",1
59,12,31,-44.9145728643216,81.2613065326633,"HCP","pointwise",1
59,20,36,-50.21608040201,104.587939698492,"HCP","pointwise",1
59,24,24,-31.1306532663317,113.070351758794,"HCP","pointwise",1
59,6,13,-55.5175879396985,75.9597989949749,"DWR","pointwise",1
59,12,31,-55.5175879396985,71.7185929648241,"DWR","pointwise",1
59,20,36,-41.7336683417085,84.4422110552764,"DWR","pointwise",1
59,24,24,-30.070351758794,106.708542713568,"DWR","pointwise",1
59,6,13,-61.8793969849246,62.1758793969849,"LC","pointwise",1
59,12,31,-26.8894472361809,68.537688442211,"LC","pointwise",1
59,20,36,-48.0954773869347,131.095477386935,"LC","pointwise",1
59,24,24,-61.8793969849246,124.733668341709,"LC","pointwise",1
60,6,77,-43.5979899497487,75.7537688442211,"HCP","pointwise",1
60,12,85,-39.5175879396985,77.7939698492463,"HCP","pointwise",1
60,20,84,-51.7587939698492,108.396984924623,"HCP","pointwise",1
60,24,147,-31.356783919598,118.597989949749,"HCP","pointwise",1
60,6,77,-64,111.457286432161,"DWR","pointwise",1
60,12,85,-41.5577889447236,81.8743718592965,"DWR","pointwise",1
60,20,84,-26.2562814070352,83.9145728643216,"DWR","pointwise",1
60,24,147,-42.5778894472362,70.6532663316583,"DWR","pointwise",1
60,6,77,-64,127.778894472362,"LC","pointwise",1
60,12,85,-27.2763819095477,70.6532663316583,"LC","pointwise",1
60,20,84,15.5678391959799,106.356783919598,"LC","pointwise",1
60,24,147,-49.7185929648241,103.29648241206,"LC","pointwise",1
61,6,-17,-41.7336683417085,81.2613065326633,"HCP","pointwise",1
61,12,-17,-40.6733668341708,84.4422110552764,"HCP","pointwise",1
61,20,-15,-51.2763819095477,110.949748743719,"HCP","pointwise",1
61,24,13,-37.4924623115578,119.43216080402,"HCP","pointwise",1
61,6,-17,-64,112.010050251256,"DWR","pointwise",1
61,12,-17,-61.8793969849246,82.321608040201,"DWR","pointwise",1
61,20,-15,-31.1306532663317,93.9849246231156,"DWR","pointwise",1
61,24,13,-53.3969849246231,80.2010050251256,"DWR","pointwise",1
61,6,-17,-64,118.371859296482,"LC","pointwise",1
61,12,-17,-64,139.577889447236,"LC","pointwise",1
61,20,-15,-45.9748743718593,79.140703517588,"LC","pointwise",1
61,24,13,-64,147,"LC","pointwise",1
62,6,-5,-40.6733668341708,81.2613065326633,"HCP","pointwise",1
62,12,10,-38.5527638190955,84.4422110552764,"HCP","pointwise",1
62,20,22,-51.2763819095477,109.889447236181,"HCP","pointwise",1
62,24,43,-37.4924623115578,119.43216080402,"HCP","pointwise",1
62,6,-5,-33.251256281407,109.889447236181,"DWR","pointwise",1
62,12,10,-36.4321608040201,85.5025125628141,"DWR","pointwise",1
62,20,22,-64,96.105527638191,"DWR","pointwise",1
62,24,43,-64,79.140703517588,"DWR","pointwise",1
62,6,-5,-19.4673366834171,64.2964824120603,"LC","pointwise",1
62,12,10,-64,60.0552763819096,"LC","pointwise",1
62,20,22,-8.8643216080402,135.336683417085,"LC","pointwise",1
62,24,43,-37.4924623115578,142.758793969849,"LC","pointwise",1
63,6,20,-41.7336683417085,81.2613065326633,"HCP","pointwise",1
63,12,39,-38.5527638190955,84.4422110552764,"HCP","pointwise",1
63,20,30,-25.8291457286432,106.708542713568,"HCP","pointwise",1
63,24,-38,-64,119.43216080402,"HCP","pointwise",1
63,6,20,-45.9748743718593,90.8040201005025,"DWR","pointwise",1
63,12,39,-50.21608040201,71.7185929648241,"DWR","pointwise",1
63,20,30,-33.251256281407,80.2010050251256,"DWR","pointwise",1
63,24,-38,-18.4070351758794,102.467336683417,"DWR","pointwise",1
63,6,20,-64,95.0452261306533,"LC","pointwise",1
63,12,39,-43.8542713567839,130.035175879397,"LC","pointwise",1
63,20,30,-8.8643216080402,118.371859296482,"LC","pointwise",1
63,24,-38,-38.5527638190955,112.010050251256,"LC","pointwise",1
64,6,12,-38.5527638190955,81.2613065326633,"HCP","pointwise",1
64,12,34,-37.4924623115578,83.3819095477387,"HCP","pointwise",1
64,20,59,-30.070351758794,108.829145728643,"HCP","pointwise",1
64,24,5,-64,114.130653266332,"HCP","pointwise",1
64,6,12,-44.9145728643216,100.346733668342,"DWR","pointwise",1
64,12,34,-35.3718592964824,81.2613065326633,"DWR","pointwise",1
64,20,59,-47.035175879397,105.64824120603,"DWR","pointwise",1
64,24,5,-26.8894472361809,97.1658291457287,"DWR","pointwise",1
64,6,12,-37.4924623115578,74.8994974874372,"LC","pointwise",1
64,12,34,-64,132.155778894472,"LC","pointwise",1
64,20,59,-43.8542713567839,81.2613065326633,"LC","pointwise",1
64,24,5,-64,147,"LC","pointwise",1
65,6,28,-43.8542713567839,80.2010050251256,"HCP","pointwise",1
65,12,61,-36.4321608040201,82.321608040201,"HCP","pointwise",1
65,20,-6,-29.0100502512563,109.889447236181,"HCP","pointwise",1
65,24,8,-64,119.43216080402,"HCP","pointwise",1
65,6,28,-64,88.6834170854272,"DWR","pointwise",1
65,12,61,-48.0954773869347,90.8040201005025,"DWR","pointwise",1
65,20,-6,-21.5879396984925,117.311557788945,"DWR","pointwise",1
65,24,8,-10.9849246231156,106.708542713568,"DWR","pointwise",1
65,6,28,-64,103.527638190955,"LC","pointwise",1
65,12,61,-59.7587939698492,140.638190954774,"LC","pointwise",1
65,20,-6,-50.21608040201,133.21608040201,"LC","pointwise",1
65,24,8,-59.7587939698492,147,"LC","pointwise",1
66,6,20,-49.1557788944724,80.2010050251256,"HCP","pointwise",1
66,12,37,-36.4321608040201,82.321608040201,"HCP","pointwise",1
66,20,3,-33.251256281407,109.889447236181,"HCP","pointwise",1
66,24,12,-64,117.311557788945,"HCP","pointwise",1
66,6,20,-43.8542713567839,77.0201005025126,"DWR","pointwise",1
66,12,37,-40.6733668341708,100.346733668342,"DWR","pointwise",1
66,20,3,-22.6482412060301,116.251256281407,"DWR","pointwise",1
66,24,12,-29.0100502512563,147,"DWR","pointwise",1
66,6,20,-39.6130653266332,113.070351758794,"LC","pointwise",1
66,12,37,-47.035175879397,77.0201005025126,"LC","pointwise",1
66,20,3,-48.0954773869347,144.879396984925,"LC","pointwise",1
66,24,12,-23.7085427135678,99.286432160804,"LC","pointwise",1
67,6,12,-51.2763819095477,81.2613065326633,"HCP","pointwise",1
67,12,-10,-39.6130653266332,82.321608040201,"HCP","pointwise",1
67,20,37,-36.4321608040201,110.949748743719,"HCP","pointwise",1
67,24,81,-64,115.190954773869,"HCP","pointwise",1
67,6,12,-51.2763819095477,69.5979899497488,"DWR","pointwise",1
67,12,-10,-45.9748743718593,93.9849246231156,"DWR","pointwise",1
67,20,37,-43.8542713567839,58.9949748743719,"DWR","pointwise",1
67,24,81,-47.035175879397,97.1658291457287,"DWR","pointwise",1
67,6,12,-64,65.356783919598,"LC","pointwise",1
67,12,-10,-64,115.190954773869,"LC","pointwise",1
67,20,37,-64,123.673366834171,"LC","pointwise",1
67,24,81,-27.9497487437186,147,"LC","pointwise",1
68,6,8,-47.035175879397,81.2613065326633,"HCP","pointwise",1
68,12,21,-39.6130653266332,85.5025125628141,"HCP","pointwise",1
68,20,69,-29.0100502512563,106.708542713568,"HCP","pointwise",1
68,24,69,-64,122.613065326633,"HCP","pointwise",1
68,6,8,-42.7939698492462,95.0452261306533,"DWR","pointwise",1
68,12,21,-39.6130653266332,84.4422110552764,"DWR","pointwise",1
68,20,69,-61.8793969849246,97.1658291457287,"DWR","pointwise",1
68,24,69,-55.5175879396985,65.356783919598,"DWR","pointwise",1
68,6,8,-39.6130653266332,66.4170854271357,"LC","pointwise",1
68,12,21,-43.8542713567839,87.6231155778895,"LC","pointwise",1
68,20,69,-43.8542713567839,83.3819095477387,"LC","pointwise",1
68,24,69,-49.1557788944724,147,"LC","pointwise",1
69,6,34,-44.9145728643216,78.0804020100502,"HCP","pointwise",1
69,12,59,-41.7336683417085,79.140703517588,"HCP","pointwise",1
69,20,44,-24.7688442211055,114.130653266332,"HCP","pointwise",1
69,24,27,-64,115.190954773869,"HCP","pointwise",1
69,6,34,-54.4572864321608,81.2613065326633,"DWR","pointwise",1
69,12,59,-24.7688442211055,82.321608040201,"DWR","pointwise",1
69,20,44,-22.6482412060301,105.64824120603,"DWR","pointwise",1
69,24,27,-35.3718592964824,89.7437185929648,"DWR","pointwise",1
69,6,34,-34.3115577889447,40.9698492462312,"LC","pointwise",1
69,12,59,-54.4572864321608,102.467336683417,"LC","pointwise",1
69,20,44,-39.6130653266332,128.974874371859,"LC","pointwise",1
69,24,27,-40.6733668341708,147,"LC","pointwise",1
70,6,20,-47.035175879397,78.0804020100502,"HCP","pointwise",1
70,12,-15,-38.5527638190955,83.3819095477387,"HCP","pointwise",1
70,20,71,-25.8291457286432,98.2261306532663,"HCP","pointwise",1
70,24,8,-64,115.190954773869,"HCP","pointwise",1
70,6,20,-53.3969849246231,77.0201005025126,"DWR","pointwise",1
70,12,-15,-26.8894472361809,87.6231155778895,"DWR","pointwise",1
70,20,71,-17.3467336683417,98.2261306532663,"DWR","pointwise",1
70,24,8,-22.6482412060301,106.708542713568,"DWR","pointwise",1
70,6,20,-64,61.1155778894472,"LC","pointwise",1
70,12,-15,-49.1557788944724,147,"LC","pointwise",1
70,20,71,-64,119.43216080402,"LC","pointwise",1
70,24,8,-33.251256281407,126.854271356784,"LC","pointwise",1
71,6,82,-43.8542713567839,74.8994974874372,"HCP","pointwise",1
71,12,117,-37.4924623115578,83.3819095477387,"HCP","pointwise",1
71,20,83,-24.7688442211055,104.587939698492,"HCP","pointwise",1
71,24,139,-64,108.829145728643,"HCP","pointwise",1
71,6,82,-41.7336683417085,62.1758793969849,"DWR","pointwise",1
71,12,117,-43.8542713567839,85.5025125628141,"DWR","pointwise",1
71,20,83,-30.070351758794,82.321608040201,"DWR","pointwise",1
71,24,139,-57.6381909547739,57.9346733668342,"DWR","pointwise",1
71,6,82,-45.9748743718593,112.010050251256,"LC","pointwise",1
71,12,117,-10.9849246231156,97.1658291457287,"LC","pointwise",1
71,20,83,-24.7688442211055,97.1658291457287,"LC","pointwise",1
71,24,139,-43.8542713567839,85.5025125628141,"LC","pointwise",1
72,6,52,-34.3115577889447,81.2613065326633,"HCP","pointwise",1
72,12,2,-38.5527638190955,88.6834170854272,"HCP","pointwise",1
72,20,26,-34.3115577889447,103.527638190955,"HCP","pointwise",1
72,24,33,-64,104.587939698492,"HCP","pointwise",1
72,6,52,-42.7939698492462,99.286432160804,"DWR","pointwise",1
72,12,2,-22.6482412060301,105.64824120603,"DWR","pointwise",1
72,20,26,-22.6482412060301,90.8040201005025,"DWR","pointwise",1
72,24,33,15.5226130653266,124.733668341709,"DWR","pointwise",1
72,6,52,-57.6381909547739,105.64824120603,"LC","pointwise",1
72,12,2,-64,90.8040201005025,"LC","pointwise",1
72,20,26,-53.3969849246231,114.130653266332,"LC","pointwise",1
72,24,33,-64,104.587939698492,"LC","pointwise",1
73,6,35,-38.5527638190955,81.2613065326633,"HCP","pointwise",1
73,12,28,-39.6130653266332,87.6231155778895,"HCP","pointwise",1
73,20,-23,-39.6130653266332,97.1658291457287,"HCP","pointwise",1
73,24,40,-64,102.467336683417,"HCP","pointwise",1
73,6,35,-33.251256281407,74.8994974874372,"DWR","pointwise",1
73,12,28,-41.7336683417085,85.5025125628141,"DWR","pointwise",1
73,20,-23,-39.6130653266332,93.9849246231156,"DWR","pointwise",1
73,24,40,-50.21608040201,84.4422110552764,"DWR","pointwise",1
73,6,35,-64,119.43216080402,"LC","pointwise",1
73,12,28,-36.4321608040201,64.2964824120603,"LC","pointwise",1
73,20,-23,-52.3366834170854,110.949748743719,"LC","pointwise",1
73,24,40,-56.5778894472362,109.889447236181,"LC","pointwise",1
74,6,49,-47.035175879397,78.0804020100502,"HCP","pointwise",1
74,12,18,-40.6733668341708,83.3819095477387,"HCP","pointwise",1
74,20,50,-39.6130653266332,105.64824120603,"HCP","pointwise",1
74,24,53.8802740016367,-64,106.708542713568,"HCP","pointwise",0
74,6,49,-27.9497487437186,83.3819095477387,"DWR","pointwise",1
74,12,18,-24.7688442211055,92.9246231155779,"DWR","pointwise",1
74,20,50,-38.5527638190955,101.407035175879,"DWR","pointwise",1
74,24,53.8802740016367,-64,102.467336683417,"DWR","pointwise",0
74,6,49,-50.21608040201,95.0452261306533,"LC","pointwise",1
74,12,18,-15.2261306532663,123.673366834171,"LC","pointwise",1
74,20,50,0.678391959799001,98.2261306532663,"LC","pointwise",1
74,24,53.8802740016367,-45.9748743718593,147,"LC","pointwise",0
75,6,-55,-47.035175879397,75.9597989949749,"HCP","pointwise",1
75,12,9,-39.6130653266332,77.0201005025126,"HCP","pointwise",1
75,20,-49,-31.1306532663317,105.64824120603,"HCP","pointwise",1
75,24,-24,-34.3115577889447,100.346733668342,"HCP","pointwise",1
75,6,-55,-27.9497487437186,82.321608040201,"DWR","pointwise",1
75,12,9,-33.251256281407,104.587939698492,"DWR","pointwise",1
75,20,-49,-19.4673366834171,87.6231155778895,"DWR","pointwise",1
75,24,-24,-14.1658291457286,128.974874371859,"DWR","pointwise",1
75,6,-55,-55.5175879396985,93.9849246231156,"LC","pointwise",1
75,12,9,-12.0452261306533,139.577889447236,"LC","pointwise",1
75,20,-49,-57.6381909547739,91.8643216080402,"LC","pointwise",1
75,24,-24,-32.1909547738694,102.467336683417,"LC","pointwise",1
76,6,-13,-47.035175879397,81.2613065326633,"HCP","pointwise",1
76,12,0,-41.7336683417085,77.0201005025126,"HCP","pointwise",1
76,20,4,-31.1306532663317,105.64824120603,"HCP","pointwise",1
76,24,84,-39.6130653266332,96.105527638191,"HCP","pointwise",1
76,6,-13,-55.5175879396985,73.8391959798995,"DWR","pointwise",1
76,12,0,-39.6130653266332,80.2010050251256,"DWR","pointwise",1
76,20,4,-17.3467336683417,91.8643216080402,"DWR","pointwise",1
76,24,84,-53.3969849246231,65.356783919598,"DWR","pointwise",1
76,6,-13,-36.4321608040201,108.829145728643,"LC","pointwise",1
76,12,0,-64,35.6683417085427,"LC","pointwise",1
76,20,4,-18.4070351758794,125.793969849246,"LC","pointwise",1
76,24,84,-53.3969849246231,70.6582914572864,"LC","pointwise",1
77,6,21,-45.9748743718593,79.140703517588,"HCP","pointwise",1
77,12,36,-41.7336683417085,75.9597989949749,"HCP","pointwise",1
77,20,68,-31.1306532663317,105.64824120603,"HCP","pointwise",1
77,24,83.893561307473,-37.4924623115578,114.130653266332,"HCP","pointwise",0
77,6,21,-31.1306532663317,77.0201005025126,"DWR","pointwise",1
77,12,36,-60.8190954773869,75.9597989949749,"DWR","pointwise",1
77,20,68,-39.6130653266332,105.64824120603,"DWR","pointwise",1
77,24,83.893561307473,-29.0100502512563,81.2613065326633,"DWR","pointwise",0
77,6,21,-34.3115577889447,95.0452261306533,"LC","pointwise",1
77,12,36,-38.5527638190955,105.64824120603,"LC","pointwise",1
77,20,68,-64,112.010050251256,"LC","pointwise",1
77,24,83.893561307473,-23.7085427135678,147,"LC","pointwise",0
78,6,-29,-44.9145728643216,80.2010050251256,"HCP","pointwise",1
78,12,-12,-41.7336683417085,70.6582914572864,"HCP","pointwise",1
78,20,-12,-37.4924623115578,105.64824120603,"HCP","pointwise",1
78,24,6,-39.6130653266332,116.251256281407,"HCP","pointwise",1
78,6,-29,-42.7939698492462,102.467336683417,"DWR","pointwise",1
78,12,-12,-43.8542713567839,97.1658291457287,"DWR","pointwise",1
78,20,-12,-34.3115577889447,87.6231155778895,"DWR","pointwise",1
78,24,6,-22.6482412060301,99.286432160804,"DWR","pointwise",1
78,6,-29,-51.2763819095477,79.140703517588,"LC","pointwise",1
78,12,-12,-64,74.8994974874372,"LC","pointwise",1
78,20,-12,-48.0954773869347,147,"LC","pointwise",1
78,24,6,-37.4924623115578,98.2261306532663,"LC","pointwise",1
79,6,6,-45.9748743718593,81.2613065326633,"HCP","pointwise",1
79,12,6,-41.7336683417085,70.6582914572864,"HCP","pointwise",1
79,20,-17,-37.4924623115578,107.768844221106,"HCP","pointwise",1
79,24,-25,-39.6130653266332,116.251256281407,"HCP","pointwise",1
79,6,6,-47.035175879397,75.9597989949749,"DWR","pointwise",1
79,12,6,-16.286432160804,83.3819095477387,"DWR","pointwise",1
79,20,-17,-64,107.768844221106,"DWR","pointwise",1
79,24,-25,-9.92462311557789,132.155778894472,"DWR","pointwise",1
79,6,6,-64,134.276381909548,"LC","pointwise",1
79,12,6,-47.035175879397,110.949748743719,"LC","pointwise",1
79,20,-17,-50.21608040201,109.889447236181,"LC","pointwise",1
79,24,-25,-41.7336683417085,118.371859296482,"LC","pointwise",1
80,6,19,-43.8542713567839,81.2613065326633,"HCP","pointwise",1
80,12,77.289268296797,-41.7336683417085,72.7788944723618,"HCP","pointwise",0
80,20,-56.3786491328021,-38.5527638190955,107.768844221106,"HCP","pointwise",0
80,24,53.062696197964,-42.7939698492462,116.251256281407,"HCP","pointwise",0
80,6,19,-18.4070351758794,72.7788944723618,"DWR","pointwise",1
80,12,77.289268296797,-9.92462311557789,126.854271356784,"DWR","pointwise",0
80,20,-56.3786491328021,-31.1306532663317,82.321608040201,"DWR","pointwise",0
80,24,53.062696197964,-30.070351758794,96.105527638191,"DWR","pointwise",0
80,6,19,-48.0954773869347,61.1155778894472,"LC","pointwise",1
80,12,77.289268296797,-37.4924623115578,104.587939698492,"LC","pointwise",0
80,20,-56.3786491328021,-31.1306532663317,92.9246231155779,"LC","pointwise",0
80,24,53.062696197964,-37.4924623115578,147,"LC","pointwise",0
81,6,39,-40.6733668341708,83.3819095477387,"HCP","pointwise",1
81,12,100.03759193875,-37.4924623115578,73.8391959798995,"HCP","pointwise",0
81,20,-21.5898682110481,-38.5527638190955,112.010050251256,"HCP","pointwise",0
81,24,-17.5058684805442,-42.7939698492462,119.43216080402,"HCP","pointwise",0
81,6,39,-56.5778894472362,86.5628140703518,"DWR","pointwise",1
81,12,100.03759193875,-51.2763819095477,93.9849246231156,"DWR","pointwise",0
81,20,-21.5898682110481,-32.1909547738694,72.7788944723618,"DWR","pointwise",0
81,24,-17.5058684805442,-38.5527638190955,87.6231155778895,"DWR","pointwise",0
81,6,39,-64,89.7437185929648,"LC","pointwise",1
81,12,100.03759193875,-32.1909547738694,77.0201005025126,"LC","pointwise",0
81,20,-21.5898682110481,-64,82.321608040201,"LC","pointwise",0
81,24,-17.5058684805442,-50.21608040201,147,"LC","pointwise",0
82,6,18,-40.6733668341708,81.2613065326633,"HCP","pointwise",1
82,12,19,-37.4924623115578,71.7185929648241,"HCP","pointwise",1
82,20,-62.4205059355675,-36.4321608040201,112.010050251256,"HCP","pointwise",0
82,24,131.110465120857,-40.6733668341708,114.130653266332,"HCP","pointwise",0
82,6,18,-42.7939698492462,104.587939698492,"DWR","pointwise",1
82,12,19,-50.21608040201,81.2613065326633,"DWR","pointwise",1
82,20,-62.4205059355675,-21.5879396984925,97.1658291457287,"DWR","pointwise",0
82,24,131.110465120857,-38.5527638190955,73.8391959798995,"DWR","pointwise",0
82,6,18,-55.5175879396985,73.8391959798995,"LC","pointwise",1
82,12,19,-22.6482412060301,116.251256281407,"LC","pointwise",1
82,20,-62.4205059355675,-48.0954773869347,82.321608040201,"LC","pointwise",0
82,24,131.110465120857,-64,147,"LC","pointwise",0
83,6,28,-40.6733668341708,81.2613065326633,"HCP","pointwise",1
83,12,46,-38.5527638190955,70.6582914572864,"HCP","pointwise",1
83,20,62,-36.4321608040201,113.070351758794,"HCP","pointwise",1
83,24,-83.6721009930535,-37.4924623115578,116.251256281407,"HCP","pointwise",0
83,6,28,-39.6130653266332,85.5025125628141,"DWR","pointwise",1
83,12,46,-29.0100502512563,69.5979899497488,"DWR","pointwise",1
83,20,62,-42.7939698492462,80.2010050251256,"DWR","pointwise",1
83,24,-83.6721009930535,-23.7085427135678,114.130653266332,"DWR","pointwise",0
83,6,28,-32.1909547738694,95.0452261306533,"LC","pointwise",1
83,12,46,-59.7587939698492,93.9849246231156,"LC","pointwise",1
83,20,62,-48.0954773869347,118.371859296482,"LC","pointwise",1
83,24,-83.6721009930535,-38.5527638190955,144.879396984925,"LC","pointwise",0
84,6,-16,-40.6733668341708,81.2613065326633,"HCP","pointwise",1
84,12,51,-38.5527638190955,70.6582914572864,"HCP","pointwise",1
84,20,67.3889038364624,-35.3718592964824,117.311557788945,"HCP","pointwise",0
84,24,4.21428185367461,-33.251256281407,116.251256281407,"HCP","pointwise",0
84,6,-16,-34.3115577889447,91.8643216080402,"DWR","pointwise",1
84,12,51,-57.6381909547739,84.4422110552764,"DWR","pointwise",1
84,20,67.3889038364624,-36.4321608040201,83.3819095477387,"DWR","pointwise",0
84,24,4.21428185367461,-27.9497487437186,92.9246231155779,"DWR","pointwise",0
84,6,-16,-64,105.64824120603,"LC","pointwise",1
84,12,51,-52.3366834170854,147,"LC","pointwise",1
84,20,67.3889038364624,-23.7085427135678,102.467336683417,"LC","pointwise",0
84,24,4.21428185367461,-64,134.276381909548,"LC","pointwise",0
85,6,8,-43.8542713567839,81.2613065326633,"HCP","pointwise",1
85,12,12.7192421009528,-37.4924623115578,70.6582914572864,"HCP","pointwise",0
85,20,4.83822162350688,-32.1909547738694,120.492462311558,"HCP","pointwise",0
85,24,-25.6780896861538,-30.070351758794,115.190954773869,"HCP","pointwise",0
85,6,8,-41.7336683417085,78.0804020100502,"DWR","pointwise",1
85,12,12.7192421009528,-40.6733668341708,83.3819095477387,"DWR","pointwise",0
85,20,4.83822162350688,-17.3467336683417,105.64824120603,"DWR","pointwise",0
85,24,-25.6780896861538,-45.9748743718593,97.1658291457287,"DWR","pointwise",0
85,6,8,-52.3366834170854,47.3316582914573,"LC","pointwise",1
85,12,12.7192421009528,-64,84.4422110552764,"LC","pointwise",0
85,20,4.83822162350688,-25.8291457286432,70.6582914572864,"LC","pointwise",0
85,24,-25.6780896861538,-64,104.587939698492,"LC","pointwise",0
86,6,-2,-43.8542713567839,81.2613065326633,"HCP","pointwise",1
86,12,-42,-30.070351758794,70.6582914572864,"HCP","pointwise",1
86,20,-51.4047976336615,-33.251256281407,122.613065326633,"HCP","pointwise",0
86,24,-44.8460602694315,-30.070351758794,115.190954773869,"HCP","pointwise",0
86,6,-2,-29.0100502512563,115.190954773869,"DWR","pointwise",1
86,12,-42,-45.9748743718593,98.2261306532663,"DWR","pointwise",1
86,20,-51.4047976336615,-9.92462311557789,92.9246231155779,"DWR","pointwise",0
86,24,-44.8460602694315,-62.9396984924623,86.5628140703518,"DWR","pointwise",0
86,6,-2,-35.3718592964824,47.3316582914573,"LC","pointwise",1
86,12,-42,-35.3718592964824,80.2010050251256,"LC","pointwise",1
86,20,-51.4047976336615,13.4020100502513,93.9849246231156,"LC","pointwise",0
86,24,-44.8460602694315,-41.7336683417085,123.673366834171,"LC","pointwise",0
87,6,21,-43.8542713567839,79.140703517588,"HCP","pointwise",1
87,12,57.7787582121444,-32.1909547738694,82.321608040201,"HCP","pointwise",0
87,20,-35.3247995302126,-35.3718592964824,120.492462311558,"HCP","pointwise",0
87,24,-172.126002715605,-30.070351758794,119.43216080402,"HCP","pointwise",0
87,6,21,-36.4321608040201,74.8994974874372,"DWR","pointwise",1
87,12,57.7787582121444,-60.8190954773869,98.2261306532663,"DWR","pointwise",0
87,20,-35.3247995302126,-64,72.7788944723618,"DWR","pointwise",0
87,24,-172.126002715605,-7.80402010050251,97.1658291457287,"DWR","pointwise",0
87,6,21,-5.68341708542713,81.2613065326633,"LC","pointwise",1
87,12,57.7787582121444,-47.035175879397,88.6834170854272,"LC","pointwise",0
87,20,-35.3247995302126,-24.7688442211055,110.949748743719,"LC","pointwise",0
87,24,-172.126002715605,-64,110.949748743719,"LC","pointwise",0
88,6,14,-43.8542713567839,79.140703517588,"HCP","pointwise",1
88,12,108.976315324909,-30.070351758794,77.0201005025126,"HCP","pointwise",0
88,20,7.74425253524339,-35.3718592964824,120.492462311558,"HCP","pointwise",0
88,24,-79.0464404711371,-30.070351758794,118.371859296482,"HCP","pointwise",0
88,6,14,-47.035175879397,86.5628140703518,"DWR","pointwise",1
88,12,108.976315324909,-19.4673366834171,87.6231155778895,"DWR","pointwise",0
88,20,7.74425253524339,-51.2763819095477,88.6834170854272,"DWR","pointwise",0
88,24,-79.0464404711371,-37.4924623115578,114.130653266332,"DWR","pointwise",0
88,6,14,-18.4070351758794,61.1155778894472,"LC","pointwise",1
88,12,108.976315324909,-40.6733668341708,81.2613065326633,"LC","pointwise",0
88,20,7.74425253524339,-54.4572864321608,99.286432160804,"LC","pointwise",0
88,24,-79.0464404711371,-64,123.673366834171,"LC","pointwise",0
89,6,41,-48.0954773869347,75.9597989949749,"HCP","pointwise",1
89,12,13,-31.1306532663317,78.0804020100502,"HCP","pointwise",1
89,20,56.2074995560105,-35.3718592964824,120.492462311558,"HCP","pointwise",0
89,24,-18.9535398656139,-40.6733668341708,106.708542713568,"HCP","pointwise",0
89,6,41,-61.8793969849246,101.407035175879,"DWR","pointwise",1
89,12,13,-35.3718592964824,99.286432160804,"DWR","pointwise",1
89,20,56.2074995560105,-34.3115577889447,96.105527638191,"DWR","pointwise",0
89,24,-18.9535398656139,-32.1909547738694,63.2361809045226,"DWR","pointwise",0
89,6,41,-32.1909547738694,92.9246231155779,"LC","pointwise",1
89,12,13,-64,103.527638190955,"LC","pointwise",1
89,20,56.2074995560105,-16.286432160804,90.8040201005025,"LC","pointwise",0
89,24,-18.9535398656139,-50.21608040201,147,"LC","pointwise",0
90,6,50,-49.1557788944724,75.9597989949749,"HCP","pointwise",1
90,12,28,-37.4924623115578,74.8994974874372,"HCP","pointwise",1
90,20,64.1303678825904,-48.0954773869347,120.492462311558,"HCP","pointwise",0
90,24,87.3232118760774,-41.7336683417085,106.708542713568,"HCP","pointwise",0
90,6,50,-53.3969849246231,67.4773869346734,"DWR","pointwise",1
90,12,28,-37.4924623115578,119.43216080402,"DWR","pointwise",1
90,20,64.1303678825904,-22.6482412060301,95.0452261306533,"DWR","pointwise",0
90,24,87.3232118760774,-38.5527638190955,72.7788944723618,"DWR","pointwise",0
90,6,50,-47.035175879397,118.371859296482,"LC","pointwise",1
90,12,28,-15.2261306532663,98.2261306532663,"LC","pointwise",1
90,20,64.1303678825904,-64,141.698492462312,"LC","pointwise",0
90,24,87.3232118760774,-64,147,"LC","pointwise",0
91,6,16,-44.9145728643216,73.8391959798995,"HCP","pointwise",1
91,12,36,-38.5527638190955,73.8391959798995,"HCP","pointwise",1
91,20,70.5993563166503,-48.0954773869347,120.492462311558,"HCP","pointwise",0
91,24,-7.50750824476132,-43.8542713567839,104.587939698492,"HCP","pointwise",0
91,6,16,-45.9748743718593,74.8994974874372,"DWR","pointwise",1
91,12,36,-40.6733668341708,77.0201005025126,"DWR","pointwise",1
91,20,70.5993563166503,-23.7085427135678,102.467336683417,"DWR","pointwise",0
91,24,-7.50750824476132,-15.2261306532663,135.336683417085,"DWR","pointwise",0
91,6,16,-62.9396984924623,88.6834170854272,"LC","pointwise",1
91,12,36,-53.3969849246231,84.4422110552764,"LC","pointwise",1
91,20,70.5993563166503,-51.2763819095477,107.768844221106,"LC","pointwise",0
91,24,-7.50750824476132,-39.6130653266332,68.537688442211,"LC","pointwise",0
92,6,4,-48.0954773869347,74.8994974874372,"HCP","pointwise",1
92,12,26,-41.7336683417085,74.8994974874372,"HCP","pointwise",1
92,20,-27.2045716962228,-48.0954773869347,120.492462311558,"HCP","pointwise",0
92,24,72.8589982382738,-43.8542713567839,100.346733668342,"HCP","pointwise",0
92,6,4,-35.3718592964824,89.7437185929648,"DWR","pointwise",1
92,12,26,-64,83.3819095477387,"DWR","pointwise",1
92,20,-27.2045716962228,-16.286432160804,96.105527638191,"DWR","pointwise",0
92,24,72.8589982382738,-58.6984924623116,78.0804020100502,"DWR","pointwise",0
92,6,4,-64,46.2713567839196,"LC","pointwise",1
92,12,26,-8.8643216080402,95.0452261306533,"LC","pointwise",1
92,20,-27.2045716962228,-48.0954773869347,115.190954773869,"LC","pointwise",0
92,24,72.8589982382738,-30.070351758794,137.457286432161,"LC","pointwise",0
93,6,-1,-49.1557788944724,73.8391959798995,"HCP","pointwise",1
93,12,-6,-37.4924623115578,73.8391959798995,"HCP","pointwise",1
93,20,20.738013796527,-42.7939698492462,120.492462311558,"HCP","pointwise",0
93,24,51.6274491023267,-43.8542713567839,100.346733668342,"HCP","pointwise",0
93,6,-1,-59.7587939698492,79.140703517588,"DWR","pointwise",1
93,12,-6,-35.3718592964824,89.7437185929648,"DWR","pointwise",1
93,20,20.738013796527,-30.070351758794,115.190954773869,"DWR","pointwise",0
93,24,51.6274491023267,-8.8643216080402,118.371859296482,"DWR","pointwise",0
93,6,-1,-38.5527638190955,87.6231155778895,"LC","pointwise",1
93,12,-6,-61.8793969849246,95.0452261306533,"LC","pointwise",1
93,20,20.738013796527,-10.9849246231156,147,"LC","pointwise",0
93,24,51.6274491023267,-36.4321608040201,36.7286432160804,"LC","pointwise",0
94,6,-36,-47.035175879397,73.8391959798995,"HCP","pointwise",1
94,12,-22,-35.3718592964824,72.7788944723618,"HCP","pointwise",1
94,20,-4.49357486933648,-42.7939698492462,120.492462311558,"HCP","pointwise",0
94,24,-30.3591484729833,-42.7939698492462,114.130653266332,"HCP","pointwise",0
94,6,-36,-39.6130653266332,81.2613065326633,"DWR","pointwise",1
94,12,-22,-42.7939698492462,90.8040201005025,"DWR","pointwise",1
94,20,-4.49357486933648,-37.4924623115578,90.8040201005025,"DWR","pointwise",0
94,24,-30.3591484729833,-10.9849246231156,78.0804020100502,"DWR","pointwise",0
94,6,-36,-56.5778894472362,124.733668341709,"LC","pointwise",1
94,12,-22,-44.9145728643216,93.9849246231156,"LC","pointwise",1
94,20,-4.49357486933648,-48.0954773869347,95.0452261306533,"LC","pointwise",0
94,24,-30.3591484729833,-5.68341708542713,126.854271356784,"LC","pointwise",0
95,6,55,-47.035175879397,75.9597989949749,"HCP","pointwise",1
95,12,77,-30.070351758794,72.7788944723618,"HCP","pointwise",1
95,20,-37.4349480861675,-42.7939698492462,113.070351758794,"HCP","pointwise",0
95,24,95.4850415104455,-49.1557788944724,108.829145728643,"HCP","pointwise",0
95,6,55,-34.3115577889447,80.2010050251256,"DWR","pointwise",1
95,12,77,-40.6733668341708,81.2613065326633,"DWR","pointwise",1
95,20,-37.4349480861675,-4.62311557788944,105.64824120603,"DWR","pointwise",0
95,24,95.4850415104455,-26.8894472361809,66.4170854271357,"DWR","pointwise",0
95,6,55,-64,68.537688442211,"LC","pointwise",1
95,12,77,-16.286432160804,69.5979899497488,"LC","pointwise",1
95,20,-37.4349480861675,-32.1909547738694,99.286432160804,"LC","pointwise",0
95,24,95.4850415104455,-64,100.346733668342,"LC","pointwise",0
96,6,0,-47.035175879397,73.8391959798995,"HCP","pointwise",1
96,12,51,-31.1306532663317,73.8391959798995,"HCP","pointwise",1
96,20,-28.3758418967792,-42.7939698492462,110.949748743719,"HCP","pointwise",0
96,24,-64.4853048618866,-48.0954773869347,112.010050251256,"HCP","pointwise",0
96,6,0,-64,99.286432160804,"DWR","pointwise",1
96,12,51,-35.3718592964824,92.9246231155779,"DWR","pointwise",1
96,20,-28.3758418967792,-24.7688442211055,91.8643216080402,"DWR","pointwise",0
96,24,-64.4853048618866,-24.7688442211055,92.9246231155779,"DWR","pointwise",0
96,6,0,-64,77.0201005025126,"LC","pointwise",1
96,12,51,-64,140.638190954774,"LC","pointwise",1
96,20,-28.3758418967792,-27.9497487437186,99.286432160804,"LC","pointwise",0
96,24,-64.4853048618866,-59.7587939698492,91.8643216080402,"LC","pointwise",0
97,6,-26,-48.0954773869347,79.140703517588,"HCP","pointwise",1
97,12,-30,-32.1909547738694,75.9597989949749,"HCP","pointwise",1
97,20,55.7535352821657,-34.3115577889447,106.708542713568,"HCP","pointwise",0
97,24,-25.3315436896667,-50.21608040201,108.829145728643,"HCP","pointwise",0
97,6,-26,-47.035175879397,95.0452261306533,"DWR","pointwise",1
97,12,-30,-40.6733668341708,90.8040201005025,"DWR","pointwise",1
97,20,55.7535352821657,-64,85.5025125628141,"DWR","pointwise",0
97,24,-25.3315436896667,-24.7688442211055,118.371859296482,"DWR","pointwise",0
97,6,-26,-52.3366834170854,85.5025125628141,"LC","pointwise",1
97,12,-30,-55.5175879396985,125.793969849246,"LC","pointwise",1
97,20,55.7535352821657,-64,147,"LC","pointwise",0
97,24,-25.3315436896667,-64,138.517587939699,"LC","pointwise",0
98,6,4,-50.21608040201,78.0804020100502,"HCP","pointwise",1
98,12,-16,-31.1306532663317,75.9597989949749,"HCP","pointwise",1
98,20,-23,-34.3115577889447,105.64824120603,"HCP","pointwise",1
98,24,53.2530892655878,-50.21608040201,108.829145728643,"HCP","pointwise",0
98,6,4,-24.7688442211055,66.4170854271357,"DWR","pointwise",1
98,12,-16,-42.7939698492462,75.9597989949749,"DWR","pointwise",1
98,20,-23,-55.5175879396985,97.1658291457287,"DWR","pointwise",1
98,24,53.2530892655878,-6.74371859296483,132.155778894472,"DWR","pointwise",0
98,6,4,-48.0954773869347,114.130653266332,"LC","pointwise",1
98,12,-16,-49.1557788944724,136.396984924623,"LC","pointwise",1
98,20,-23,-10.9849246231156,128.974874371859,"LC","pointwise",1
98,24,53.2530892655878,-12.0452261306533,147,"LC","pointwise",0
99,6,14,-48.0954773869347,75.9597989949749,"HCP","pointwise",1
99,12,59,-27.9497487437186,71.7185929648241,"HCP","pointwise",1
99,20,40,-49.1557788944724,108.829145728643,"HCP","pointwise",1
99,24,16.5947441617305,-49.1557788944724,107.768844221106,"HCP","pointwise",0
99,6,14,-50.21608040201,74.8994974874372,"DWR","pointwise",1
99,12,59,-25.8291457286432,88.6834170854272,"DWR","pointwise",1
99,20,40,-22.6482412060301,110.949748743719,"DWR","pointwise",1
99,24,16.5947441617305,-23.7085427135678,113.070351758794,"DWR","pointwise",0
99,6,14,-64,112.010050251256,"LC","pointwise",1
99,12,59,-64,147,"LC","pointwise",1
99,20,40,-27.9497487437186,88.6834170854272,"LC","pointwise",1
99,24,16.5947441617305,-35.3718592964824,147,"LC","pointwise",0
100,6,-9,-48.0954773869347,74.8994974874372,"HCP","pointwise",1
100,12,60,-27.9497487437186,84.4422110552764,"HCP","pointwise",1
100,20,24,-50.21608040201,110.949748743719,"HCP","pointwise",1
100,24,100.940549853427,-50.21608040201,105.64824120603,"HCP","pointwise",0
100,6,-9,-36.4321608040201,62.1758793969849,"DWR","pointwise",1
100,12,60,-52.3366834170854,80.2010050251256,"DWR","pointwise",1
100,20,24,-47.035175879397,107.768844221106,"DWR","pointwise",1
100,24,100.940549853427,-58.6984924623116,81.2613065326633,"DWR","pointwise",0
100,6,-9,-52.3366834170854,67.4773869346734,"LC","pointwise",1
100,12,60,-53.3969849246231,102.467336683417,"LC","pointwise",1
100,20,24,-16.286432160804,101.407035175879,"LC","pointwise",1
100,24,100.940549853427,-37.4924623115578,89.7437185929648,"LC","pointwise",0
101,6,61,-48.0954773869347,79.140703517588,"HCP","pointwise",1
101,12,64,-27.9497487437186,82.321608040201,"HCP","pointwise",1
101,20,100,-48.0954773869347,105.64824120603,"HCP","pointwise",1
101,24,-103.575496985316,-40.6733668341708,105.64824120603,"HCP","pointwise",0
101,6,61,-37.4924623115578,80.2010050251256,"DWR","pointwise",1
101,12,64,-30.070351758794,78.0804020100502,"DWR","pointwise",1
101,20,100,-38.5527638190955,82.321608040201,"DWR","pointwise",1
101,24,-103.575496985316,-43.8542713567839,115.190954773869,"DWR","pointwise",0
101,6,61,-32.1909547738694,56.8743718592965,"LC","pointwise",1
101,12,64,-48.0954773869347,101.407035175879,"LC","pointwise",1
101,20,100,-43.8542713567839,104.587939698492,"LC","pointwise",1
101,24,-103.575496985316,-64,147,"LC","pointwise",0
102,6,20,-48.0954773869347,81.2613065326633,"HCP","pointwise",1
102,12,-61.0941639100116,-27.9497487437186,82.321608040201,"HCP","pointwise",0
102,20,33.9468709859497,-41.7336683417085,105.64824120603,"HCP","pointwise",0
102,24,-7,-40.6733668341708,109.889447236181,"HCP","pointwise",1
102,6,20,-49.1557788944724,81.2613065326633,"DWR","pointwise",1
102,12,-61.0941639100116,-64,100.346733668342,"DWR","pointwise",0
102,20,33.9468709859497,-42.7939698492462,110.949748743719,"DWR","pointwise",0
102,24,-7,-30.070351758794,89.7437185929648,"DWR","pointwise",1
102,6,20,-64,81.2613065326633,"LC","pointwise",1
102,12,-61.0941639100116,-47.035175879397,110.949748743719,"LC","pointwise",0
102,20,33.9468709859497,-64,84.4422110552764,"LC","pointwise",0
102,24,-7,-64,147,"LC","pointwise",1
103,6,-4,-49.1557788944724,81.2613065326633,"HCP","pointwise",1
103,12,-17.8187979484491,-27.9497487437186,82.321608040201,"HCP","pointwise",0
103,20,39,-47.035175879397,99.286432160804,"HCP","pointwise",1
103,24,18,-40.6733668341708,114.130653266332,"HCP","pointwise",1
103,6,-4,-26.8894472361809,80.2010050251256,"DWR","pointwise",1
103,12,-17.8187979484491,-45.9748743718593,95.0452261306533,"DWR","pointwise",0
103,20,39,-42.7939698492462,79.140703517588,"DWR","pointwise",1
103,24,18,-54.4572864321608,80.2010050251256,"DWR","pointwise",1
103,6,-4,-64,66.4170854271357,"LC","pointwise",1
103,12,-17.8187979484491,-62.9396984924623,135.336683417085,"LC","pointwise",0
103,20,39,-25.8291457286432,112.010050251256,"LC","pointwise",1
103,24,18,-33.251256281407,140.638190954774,"LC","pointwise",1
