"sample_size","scenario","HCP_cov","HCP_len","DWR_cov","DWR_len","LC_cov","LC_len","LMEM_cov","LMEM_len","Oracle_cov","Oracle_len"
100,"Homo",0.913799999999997,8.13478625569103,0.877599999999997,9.71787345700883,0.888199999999997,15.5573097189793,0.546000000000001,6.19565923769244,0.892799999999997,6.71356014638643
100,"Heter",0.907999999999997,16.3436380463732,0.868399999999997,19.7806840259886,0.893799999999995,27.1204638321538,0.786199999999998,13.5730804177615,0.894999999999996,12.8896825383592
100,"Asym",0.912199999999996,11.7015283900156,0.876999999999997,16.906433007108,0.887599999999995,25.9647744101771,0.761999999999998,11.385702819162,0.899799999999996,9.01611295969316
100,"Bimo",0.953599999999997,25.0581260152563,0.890199999999996,26.2999575992407,0.887599999999996,29.8601898855975,0.907399999999996,26.6171436386085,0.902199999999997,20.666712477388
100,"Bimo-Fix",0.964799999999997,13.4482786776693,0.881599999999997,20.6169344616046,0.874799999999996,24.9615794560017,0.911799999999996,26.046079669464,0.897799999999996,17.2797335630998
300,"Homo",0.892199999999997,7.25583350051801,0.845399999999997,7.36526695448572,0.907799999999997,13.2387527597045,0.557600000000001,6.1891684910511,0.894599999999997,6.73634714252142
300,"Heter",0.894999999999996,15.1534397232195,0.840999999999997,15.232005431824,0.908199999999996,24.518743189975,0.797199999999998,13.6321571743038,0.891799999999996,12.8612001151046
300,"Asym",0.905199999999996,11.2921678023582,0.851999999999997,11.9074843932287,0.905599999999996,23.9437183911876,0.774999999999998,11.6334018086928,0.894999999999998,9.02388672659013
300,"Bimo",0.900999999999997,19.459222628259,0.861799999999997,21.2561946437533,0.911599999999996,27.0939085299839,0.901999999999997,26.6543954359002,0.902799999999998,20.6646527995806
300,"Bimo-Fix",0.918999999999996,9.13008238562072,0.859799999999996,17.4466947657724,0.877999999999996,22.2057616976213,0.908199999999996,26.0670047738236,0.897399999999996,17.2797335630998
500,"Homo",0.895799999999997,7.12021836433697,0.837399999999997,6.75567889497111,0.912199999999997,12.3337904488611,0.557200000000001,6.20978072975588,0.895199999999997,6.71509524274505
500,"Heter",0.902399999999996,14.9522768867577,0.848799999999996,13.9265291592639,0.917199999999996,23.2424685677707,0.802999999999997,13.6256075474166,0.899999999999997,12.831245711478
500,"Asym",0.908199999999996,11.4709925778866,0.848399999999996,10.4946445533884,0.911399999999996,21.6574656019279,0.787,11.6567850013504,0.899199999999997,9.00158137322954
500,"Bimo",0.900999999999997,17.9447787281601,0.851399999999997,20.5676438626431,0.910799999999996,26.1277052592411,0.905199999999996,26.6731782579616,0.899199999999997,20.6520114146856
500,"Bimo-Fix",0.909399999999997,7.69651473280273,0.860999999999996,17.2944199927249,0.883599999999997,21.4416824703948,0.907199999999996,26.0880954416379,0.900399999999996,17.2797335630998
