"sample_size","scenario","density_cov","density_len","residual_cov","residual_len"
100,"Homo",0.913799999999997,8.13478625569103,0.907799999999997,7.31868572465632
100,"Heter",0.907999999999997,16.3436380463732,0.906999999999996,14.8035409040189
100,"Asym",0.912199999999996,11.7015283900156,0.902799999999996,9.94497607883247
100,"Bimo",0.953599999999997,25.0581260152563,0.913999999999996,22.7404286427229
100,"Bimo-Fix",0.964799999999997,13.4482786776693,0.925999999999997,20.5707130655392
300,"Homo",0.892199999999997,7.25583350051801,0.898799999999997,7.24436882650753
300,"Heter",0.894999999999996,15.1534397232195,0.904799999999996,14.8045955392687
300,"Asym",0.905199999999996,11.2921678023582,0.904599999999997,10.3830040373504
300,"Bimo",0.900999999999997,19.459222628259,0.908599999999996,22.1686876403025
300,"Bimo-Fix",0.918999999999996,9.13008238562072,0.881799999999994,19.587780502438
500,"Homo",0.895799999999997,7.12021836433697,0.902399999999997,7.20505908405553
500,"Heter",0.902399999999996,14.9522768867577,0.910799999999996,14.7331959025536
500,"Asym",0.908199999999996,11.4709925778866,0.908799999999996,10.4296939060931
500,"Bimo",0.900999999999997,17.9447787281601,0.895599999999997,21.7405657109714
500,"Bimo-Fix",0.909399999999997,7.69651473280273,0.885399999999996,18.9057076966081
