prediction_type,missing_rate,method,coverage,length,n_subjects,n_failed
pointwise,20,HCP,0.901272207166516,1060.4858851473,369,0
pointwise,20,DWR,0.868684424578734,964.628066445863,369,0
pointwise,20,LC,0.90995798089294,1250.59945310292,369,0
pointwise,20,LMEM,0.9065487433373612,1111.7912870003781,369,0
pointwise,50,HCP,0.894123288635484,1079.65277295245,369,0
pointwise,50,DWR,0.856569469374347,937.25145166464,369,0
pointwise,50,LC,0.919552376259693,1458.51813410133,369,0
pointwise,50,LMEM,0.9203227591438974,1130.7703845598533,369,0
simultaneous,20,HCP,0.948509485094851,1888.44215785576,369,0
simultaneous,20,DWR,0.913279132791328,1828.06267295516,369,0
simultaneous,20,LC,0.956639566395664,2123.23031587035,369,0
simultaneous,20,LMEM,0.8780487804878049,1604.3656314648688,369,0
simultaneous,50,HCP,0.953929539295393,2119.24989602985,369,0
simultaneous,50,DWR,0.907859078590786,2078.31575881732,369,0
simultaneous,50,LC,0.970189701897019,2398.28004982856,369,0
simultaneous,50,LMEM,0.8861788617886179,1629.7967622438348,369,0
