sample_size,scenario,HCP_cov,HCP_len,DWR_cov,DWR_len,LC_cov,LC_len,LMEM_cov,LMEM_len,Oracle_cov,Oracle_len
100,Homo,0.91248,8.995173673206,0.89036,8.84766292403749,0.87016,11.4693285130287,0.895,6.69901169579062,0.9028,6.71440463658282
100,Heter,0.90958,16.9770195659758,0.89446,18.6721310537008,0.87404,22.6425539329617,0.90732,13.6879580639214,0.89988,12.8391554785764
100,Asym,0.9138,13.4038226999153,0.89246,15.0641028530369,0.86374,20.3558606167016,0.95254,11.886528184503,0.90188,7.79044249849674
100,Bimo,0.90256,16.219341422942,0.8956,23.2560796087953,0.85376,25.1035297655412,0.99432,26.9480803489467,0.90056,12.0518177474253
100,Bimo-Fix,0.90124,7.74003048761856,0.8841,18.0366548969849,0.83224,20.1672631344068,1.0,26.2508126882238,0.90346,3.28970725390294
300,Homo,0.90542,8.04406987579992,0.87308,7.14225190805864,0.90076,9.45182323499905,0.90272,6.68246228276831,0.90502,6.7172436914209
300,Heter,0.90274,15.6370177230232,0.87838,14.663753367265,0.90358,18.8159376685113,0.90332,13.6512394513733,0.9049,12.8641895471864
300,Asym,0.9098,11.4128517638691,0.87436,10.7618984658097,0.8938,15.2103416339508,0.95112,11.9499366889304,0.90094,7.81221602386048
300,Bimo,0.91,14.8994273750684,0.87786,20.9752017744493,0.89288,23.0944654135406,0.99342,26.9097832439477,0.90242,12.0218181965112
300,Bimo-Fix,0.9018,5.50981239840555,0.86068,17.2843430714656,0.85846,18.6872487464065,1.0,26.2079486893677,0.89718,3.28970725390294
500,Homo,0.89894,6.86459510296888,0.87094,6.76922569270925,0.90226,8.61439835062156,0.89478,6.6825558897767,0.89798,6.72079021045819
500,Heter,0.89772,13.7954120309648,0.87338,13.8361659609344,0.9051,17.3639560872564,0.9072,13.6496064656315,0.90356,12.789541968836
500,Asym,0.90082,8.72674604039223,0.8714,9.83191561368168,0.89328,13.2841213936957,0.9495,11.9337049019702,0.89658,7.7880047174094
500,Bimo,0.9006,13.1754834197482,0.8751,20.5921282708883,0.8937,22.3171044000197,0.99388,26.9091424942041,0.89912,12.0351151985444
500,Bimo-Fix,0.90524,3.98890007246796,0.86952,17.1919134883906,0.86814,18.2059149175056,1.0,26.21038843585,0.89994,3.28970725390294
